Month,Coal Transportation Sector CO2 Emissions,Natural Gas Transportation Sector CO2 Emissions,Aviation Gasoline Transportation Sector CO2 Emissions,"Distillate Fuel Oil, Excluding Biodiesel, Transportation Sector CO2 Emissions",HGL Transportation Sector CO2 Emissions,Jet Fuel Transportation Sector CO2 Emissions,Lubricants Transportation Sector CO2 Emissions,"Motor Gasoline, Excluding Ethanol, Transportation Sector CO2 Emissions",Residual Fuel Oil Transportation Sector CO2 Emissions,"Petroleum, Excluding Biofuels, Transportation Sector CO2 Emissions",Transportation Share of Electric Power Sector CO2 Emissions,Total Energy Transportation Sector CO2 Emissions,Biomass Transportation Sector CO2 Emissions
1973 January,0,4.192,0.428,13.305,0.264,13.472,0.472,69.051,4.783,101.775,0.209,106.176,0
1973 February,0,3.796,0.431,13.857,0.239,11.873,0.467,65.62,5.134,97.62,0.181,101.597,0
1973 March,0.004,3.598,0.459,13.877,0.264,12.083,0.503,73.513,5.949,106.647,0.181,110.43,0
1973 April,0.028,3.276,0.446,12.244,0.256,11.954,0.446,71.453,4.417,101.215,0.169,104.688,0
1973 May,0.036,3.087,0.549,13.914,0.264,13.573,0.526,77.963,4.765,111.555,0.18,114.858,0
1973 June,0.032,2.739,0.471,13.102,0.256,11.795,0.458,76.065,4.136,106.282,0.194,109.247,0
1973 July,0.028,2.782,0.419,12.915,0.264,12.64,0.555,79.271,3.117,109.183,0.212,112.204,0
1973 August,0.03,2.825,0.668,13.568,0.264,12.589,0.54,81.907,4.078,113.614,0.209,116.678,0
1973 September,0.026,2.726,0.462,13.873,0.256,12.689,0.473,71.88,3.974,103.607,0.192,106.551,0
1973 October,0.026,3.049,0.55,14.427,0.264,13.489,0.583,75.364,3.686,108.362,0.196,111.633,0
1973 November,0.024,3.401,0.475,14.866,0.256,12.118,0.517,74.528,5.585,108.344,0.198,111.967,0
1973 December,0.015,3.896,0.413,14.386,0.264,13.325,0.511,70.396,4.993,104.288,0.195,108.394,0
1974 January,0,3.814,0.441,14.595,0.244,10.852,0.535,65.606,5.28,97.553,0.18,101.547,0
1974 February,0,3.513,0.304,13.464,0.22,9.347,0.446,62.274,4.868,90.922,0.155,94.59,0
1974 March,0.006,3.426,0.578,13.772,0.244,11.637,0.503,69.648,4.675,101.056,0.166,104.654,0
1974 April,0.021,2.892,0.445,13.374,0.236,11.105,0.48,70.628,4.575,100.844,0.157,103.914,0
1974 May,0.017,2.75,0.462,13.162,0.244,12.83,0.533,76.242,3.855,107.329,0.175,110.271,0
1974 June,0.013,2.461,0.527,13.464,0.236,11.154,0.419,75.685,4.135,105.619,0.167,108.26,0
1974 July,0.015,2.589,0.479,12.94,0.244,12.461,0.511,78.658,3.815,109.108,0.194,111.906,0
1974 August,0.019,2.583,0.64,13.163,0.244,12.426,0.462,79.815,4.049,110.799,0.185,113.585,0
1974 September,0.019,2.629,0.468,12.313,0.236,13.15,0.498,69.869,3.777,100.31,0.162,103.121,0
1974 October,0.017,2.918,0.557,14.181,0.244,12.368,0.513,75.867,4.342,108.071,0.173,111.18,0
1974 November,0.032,3.125,0.409,13.696,0.236,12.2,0.445,71.608,4.809,103.404,0.184,106.744,0
1974 December,0.011,3.599,0.348,14.754,0.244,12.812,0.451,74.123,4.138,106.871,0.192,110.672,0
1975 January,0.002,3.626,0.341,14.885,0.231,12.764,0.518,70.215,6.301,105.255,0.192,109.075,0
1975 February,0.002,3.128,0.365,13.216,0.208,11.846,0.364,62.298,4.617,92.913,0.164,96.207,0
1975 March,0,3.07,0.362,14.096,0.231,12.031,0.371,71.571,5.643,104.305,0.171,107.546,0
1975 April,0.006,2.541,0.41,13.715,0.223,11.965,0.492,73.558,3.845,104.209,0.156,106.912,0
1975 May,0.008,2.147,0.389,12.397,0.231,11.98,0.481,77.743,3.961,107.183,0.168,109.506,0
1975 June,0.006,2.028,0.423,12.136,0.223,11.719,0.511,77.479,3.693,106.184,0.172,108.39,0
1975 July,0.004,2.118,0.504,11.964,0.231,11.642,0.485,79.659,3.729,108.213,0.185,110.52,0
1975 August,0.004,2.208,0.471,11.976,0.231,12.753,0.527,79.294,2.764,108.015,0.187,110.415,0
1975 September,0.004,2.21,0.476,11.592,0.223,12.364,0.508,73.674,4.516,103.353,0.168,105.736,0
1975 October,0.006,2.491,0.471,13.989,0.231,12.238,0.555,76.684,4.33,108.497,0.178,111.172,0
1975 November,0.004,2.645,0.374,11.978,0.223,11.854,0.423,69.962,4.563,99.377,0.185,102.211,0
1975 December,0.002,3.305,0.322,14.919,0.231,11.178,0.497,77.028,5.436,109.611,0.193,113.111,0
1976 January,0,3.402,0.301,14.947,0.251,11.573,0.434,72.499,4.801,104.806,0.201,108.409,0
1976 February,0,2.877,0.292,13.408,0.235,11.04,0.465,66.392,5.656,97.489,0.167,100.533,0
1976 March,0,2.555,0.367,14.651,0.251,11.774,0.607,78.076,5.338,111.063,0.184,113.802,0
1976 April,0.002,2.239,0.387,13.598,0.243,11.991,0.541,78.506,4.613,109.879,0.162,112.282,0
1976 May,0.004,2.129,0.38,13.158,0.251,11.786,0.517,77.65,5.079,108.822,0.167,111.122,0
1976 June,0.002,1.982,0.523,12.989,0.243,11.391,0.571,82.042,4.453,112.211,0.172,114.367,0
1976 July,0.002,2.037,0.424,12.569,0.251,13.434,0.587,82.888,4.649,114.803,0.187,117.029,0
1976 August,0.002,1.955,0.513,12.765,0.251,11.852,0.515,81.222,4.873,111.991,0.182,114.131,0
1976 September,0.004,1.933,0.402,14.063,0.243,12.404,0.558,77.619,4.827,110.116,0.172,112.226,0
1976 October,0.004,2.407,0.396,15.129,0.251,11.172,0.525,78.512,4.962,110.946,0.173,113.53,0
1976 November,0.002,2.784,0.358,14.691,0.243,11.533,0.518,77.177,5.914,110.433,0.19,113.409,0
1976 December,0.002,3.314,0.319,17.258,0.251,12.458,0.53,80.878,6.696,118.391,0.192,121.899,0
1977 January,0,3.547,0.276,15.858,0.267,12.724,0.485,73.439,5.098,108.147,0.213,111.907,0
1977 February,0,2.676,0.322,15.893,0.241,11.439,0.381,70.714,6.602,105.591,0.169,108.437,0
1977 March,0,2.527,0.406,15.945,0.267,12.578,0.646,78.383,6.644,114.869,0.191,117.587,0
1977 April,0.002,2.121,0.385,14.514,0.259,12.089,0.517,80.655,5.732,114.15,0.163,116.436,0
1977 May,0.002,2.032,0.402,14.621,0.267,11.97,0.58,79.761,5.137,112.738,0.185,114.957,0
1977 June,0.004,1.965,0.52,14.875,0.259,11.679,0.575,83.375,5.659,116.942,0.187,119.098,0
1977 July,0.002,1.953,0.566,13.794,0.267,12.435,0.539,84.415,4.242,116.26,0.206,118.42,0
1977 August,0.002,2.01,0.489,14.844,0.267,13.464,0.602,84.194,5.698,119.559,0.193,121.763,0
1977 September,0.002,2.103,0.464,14.803,0.259,12.336,0.518,80.338,5.935,114.652,0.182,116.939,0
1977 October,0.002,2.237,0.373,15.612,0.267,12.407,0.538,80.908,5.931,116.036,0.184,118.459,0
1977 November,0.002,2.491,0.368,16.358,0.259,12.29,0.517,78.968,5.538,114.297,0.189,116.979,0
1977 December,0,3.107,0.292,16.941,0.267,13.289,0.464,83.68,6.004,120.938,0.2,124.244,0
1978 January,0,3.467,0.308,17.841,0.288,11.843,0.464,75.933,6.471,113.147,0.197,116.811,0
1978 February,0,3.113,0.31,17.69,0.26,12.057,0.477,70.589,7.153,108.535,0.172,111.82,0
1978 March,0,2.791,0.437,17.835,0.288,13.479,0.53,82.454,7.203,122.226,0.166,125.183,0
1978 April,0,2.24,0.385,16.249,0.279,12.001,0.576,79.215,7.588,116.292,0.147,118.679,0
1978 May,0,2.008,0.452,16.928,0.288,12.222,0.609,87.789,6.471,124.759,0.162,126.93,0
1978 June,0,1.818,0.451,15.705,0.279,12.357,0.634,87.032,5.391,121.849,0.173,123.839,0
1978 July,0,1.94,0.475,14.525,0.288,12.445,0.563,86.101,5.897,120.293,0.19,122.423,0
1978 August,0,1.87,0.549,15.484,0.288,13.84,0.629,89.47,5.649,125.908,0.185,127.964,0
1978 September,0,1.797,0.463,14.559,0.279,12.725,0.559,81.374,5.707,115.667,0.176,117.64,0
1978 October,0,2.096,0.46,16.231,0.288,13.17,0.606,84.647,5.592,120.996,0.167,123.259,0
1978 November,0,2.413,0.321,17.027,0.279,13.187,0.615,82.523,5.758,119.71,0.184,122.307,0
1978 December,0,3.011,0.329,18.081,0.288,12.776,0.571,84.687,5.446,122.178,0.19,125.379,0
1979 January,0,3.886,0.264,19.586,0.116,13.359,0.585,77.651,7.338,118.899,0.207,122.993,0
1979 February,0,3.531,0.269,19.002,0.105,12.68,0.511,74.49,7.635,114.692,0.171,118.394,0
1979 March,0,3.013,0.398,19.017,0.116,13.505,0.68,82.183,11.217,127.115,0.166,130.294,0
1979 April,0,2.554,0.363,16.891,0.112,11.711,0.631,77.618,7.187,114.512,0.155,117.22,0
1979 May,0,2.289,0.425,18.201,0.116,12.197,0.699,82.005,7.492,121.135,0.168,123.592,0
1979 June,0,2.097,0.26,16.9,0.112,13.012,0.611,79.111,6.842,116.849,0.175,119.121,0
1979 July,0,2.131,0.684,16.402,0.116,13.36,0.576,78.463,6.042,115.645,0.189,117.964,0
1979 August,0,2.15,0.557,17.259,0.116,13.276,0.644,83.334,6.441,121.627,0.193,123.969,0
1979 September,0,2.129,0.489,16.364,0.112,13.027,0.524,75.701,7.411,113.627,0.178,115.934,0
1979 October,0,2.494,0.401,18.845,0.116,12.979,0.636,79.812,7.919,120.709,0.183,123.386,0
1979 November,0,2.832,0.435,17.072,0.112,12.756,0.581,74.712,7.992,113.66,0.186,116.678,0
1979 December,0,3.319,0.316,19.318,0.116,13.61,0.472,76.514,8.71,119.055,0.19,122.565,0
1980 January,0,3.853,0.292,18.568,0.094,13.575,0.597,71.787,10.139,115.052,0.223,119.129,0
1980 February,0,3.691,0.374,18.521,0.088,12.347,0.548,70.062,9.515,111.456,0.198,115.345,0
1980 March,0,3.582,0.349,18.523,0.094,13.771,0.552,72.735,9.999,116.023,0.192,119.797,0
1980 April,0,2.659,0.327,17.369,0.091,13.24,0.558,74.716,10.035,116.336,0.166,119.162,0
1980 May,0,2.334,0.401,16.357,0.094,12.421,0.503,76.407,8.988,115.171,0.185,117.69,0
1980 June,0,2.171,0.412,15.228,0.091,12.641,0.505,73.148,8.617,110.642,0.192,113.006,0
1980 July,0,2.225,0.412,15.939,0.094,13.58,0.467,76.556,7.375,114.423,0.221,116.869,0
1980 August,0,2.225,0.438,15.229,0.094,12.752,0.469,75.484,6.792,111.257,0.21,113.693,0
1980 September,0,2.225,0.423,16.779,0.091,12.595,0.532,71.529,8.959,110.908,0.199,113.332,0
1980 October,0,2.659,0.431,18.249,0.094,12.699,0.6,75.644,8.642,116.36,0.192,119.211,0
1980 November,0,3.039,0.326,16.867,0.091,12.078,0.516,68.493,7.838,106.208,0.202,109.449,0
1980 December,0,3.691,0.262,19.068,0.094,13.327,0.519,75.298,8.118,116.686,0.22,120.596,0
1981 January,0,4.075,0.27,20.251,0.182,13.079,0.502,73.099,9.225,116.607,0.211,120.893,0.039
1981 February,0,3.423,0.233,17.133,0.164,11.341,0.516,64.684,9.235,103.306,0.179,106.908,0.035
1981 March,0,3.423,0.368,18.619,0.182,13.031,0.534,71.638,8.284,112.657,0.192,116.272,0.039
1981 April,0,2.662,0.369,17.78,0.176,11.573,0.596,72.623,7.105,110.221,0.174,113.057,0.038
1981 May,0,2.553,0.303,17.317,0.182,11.338,0.512,75.187,7.396,112.234,0.186,114.974,0.039
1981 June,0,2.336,0.405,16.842,0.176,12.498,0.468,77.304,7.001,114.693,0.194,117.224,0.038
1981 July,0,2.336,0.418,17.723,0.182,13.247,0.556,77.553,6.598,116.276,0.204,118.817,0.039
1981 August,0,2.336,0.412,17.469,0.182,12.671,0.469,75.436,7.043,113.683,0.194,116.213,0.039
1981 September,0,2.282,0.246,17.415,0.176,12.302,0.506,73.279,6.963,110.887,0.184,113.353,0.038
1981 October,0,2.716,0.355,17.791,0.182,11.527,0.577,74.764,6.493,111.69,0.193,114.599,0.039
1981 November,0,2.934,0.246,17.54,0.176,11.741,0.403,70.099,7.14,107.344,0.194,110.472,0.038
1981 December,0,3.749,0.263,18.693,0.182,12.056,0.467,75.94,9.052,116.652,0.208,120.609,0.039
1982 January,0,4.296,0.252,18.53,0.182,12.777,0.435,67.882,6.367,106.424,0.224,110.944,0.106
1982 February,0,3.589,0.186,17.343,0.164,11.73,0.461,63.732,8.216,101.831,0.188,105.609,0.096
1982 March,0,3.317,0.269,18.328,0.182,12.097,0.455,73.642,7.124,112.096,0.19,115.603,0.106
1982 April,0,2.665,0.269,17.493,0.176,11.995,0.497,76.017,7.712,114.159,0.172,116.996,0.103
1982 May,0,2.066,0.276,16.466,0.182,12.451,0.453,75.79,6.48,112.097,0.189,114.353,0.106
1982 June,0,2.012,0.359,17.592,0.176,11.812,0.496,75.331,5.81,111.575,0.181,113.769,0.103
1982 July,0,2.066,0.309,15.964,0.182,12.361,0.467,77.331,5.563,112.178,0.204,114.448,0.106
1982 August,0,2.066,0.383,16.422,0.182,12.103,0.468,75.323,5.916,110.797,0.189,113.053,0.106
1982 September,0,2.066,0.33,16.973,0.176,12.357,0.487,71.978,5.225,107.525,0.185,109.777,0.103
1982 October,0,2.338,0.257,17.262,0.182,11.838,0.444,72.778,5.831,108.592,0.19,111.12,0.106
1982 November,0,2.828,0.145,16.684,0.176,12.613,0.525,72.457,6.682,109.282,0.194,112.304,0.103
1982 December,0,3.154,0.212,17.25,0.182,13.045,0.38,74.579,5.655,111.304,0.195,114.653,0.106
1983 January,0,2.784,0.065,16.149,0.216,11.868,0.384,68.986,6.186,103.854,0.241,106.88,0.196
1983 February,0,2.227,0.299,15.422,0.195,11.811,0.395,61.79,4.907,94.818,0.206,97.251,0.177
1983 March,0,2.329,0.215,18.872,0.216,12.419,0.524,77.936,6.075,116.257,0.221,118.807,0.196
1983 April,0,2.075,0.274,17.26,0.209,12.341,0.463,71.191,5.255,106.994,0.19,109.26,0.19
1983 May,0,2.126,0.251,17.459,0.216,12.448,0.522,75.441,6.084,112.421,0.201,114.748,0.196
1983 June,0,2.126,0.362,18.287,0.209,12.858,0.501,77.163,4.719,114.099,0.208,116.433,0.19
1983 July,0,2.227,0.335,17.503,0.216,13.308,0.495,77.134,3.598,112.588,0.242,115.057,0.196
1983 August,0,2.177,0.346,18.121,0.216,13.264,0.512,79.073,4.206,115.739,0.244,118.159,0.196
1983 September,0,2.025,0.346,18.491,0.209,12.896,0.549,74.221,4.93,111.643,0.214,113.882,0.19
1983 October,0,2.126,0.325,18.984,0.216,12.375,0.567,75.113,4.867,112.446,0.211,114.783,0.196
1983 November,0,2.126,0.253,18.442,0.209,12.078,0.475,72.854,5.617,109.928,0.217,112.271,0.19
1983 December,0,2.43,0.224,19.883,0.216,14.625,0.442,78.054,5.209,118.653,0.242,121.325,0.196
1984 January,0,3.001,0.15,17.713,0.227,14.89,0.458,71.143,6.917,111.499,0.262,114.761,0.239
1984 February,0,2.401,0.226,15.477,0.212,12.964,0.561,66.202,6.271,101.913,0.221,104.535,0.224
1984 March,0,2.51,0.155,18.742,0.227,13.631,0.584,74.137,6.34,113.816,0.246,116.572,0.239
1984 April,0,2.237,0.274,18.468,0.22,13.872,0.593,73.372,5.894,112.693,0.21,115.14,0.231
1984 May,0,2.292,0.383,19.318,0.227,14.161,0.498,78.251,4.95,117.788,0.231,120.31,0.239
1984 June,0,2.292,0.327,18.487,0.22,13.211,0.521,78.105,4.612,115.483,0.253,118.027,0.231
1984 July,0,2.401,0.264,19.133,0.227,14.699,0.485,77.566,4.069,116.444,0.26,119.105,0.239
1984 August,0,2.346,0.367,18.99,0.227,15.431,0.528,80.553,3.573,119.669,0.272,122.287,0.239
1984 September,0,2.183,0.24,17.939,0.22,14.445,0.531,72.408,4.478,110.262,0.228,112.672,0.231
1984 October,0,2.292,0.214,19.031,0.227,15.147,0.553,76.423,3.958,115.555,0.247,118.094,0.239
1984 November,0,2.292,0.252,17.566,0.22,13.858,0.483,74.733,5.042,112.154,0.254,114.7,0.231
1984 December,0,2.619,0.181,17.147,0.227,15.386,0.419,74.442,4.486,112.287,0.248,115.155,0.239
1985 January,0,2.949,0.234,19.703,0.158,15.298,0.462,71.858,5.586,113.299,0.261,116.509,0.289
1985 February,0,2.513,0.194,17.543,0.143,13.167,0.497,67.348,4.743,103.635,0.22,106.367,0.261
1985 March,0,2.294,0.279,20.248,0.158,14.413,0.51,75.432,5.343,116.383,0.228,118.905,0.289
1985 April,0,2.13,0.328,19.72,0.153,14.972,0.532,76.192,5.245,117.141,0.229,119.5,0.28
1985 May,0,2.185,0.308,20.126,0.158,14.022,0.536,79.913,5.454,120.518,0.24,122.942,0.289
1985 June,0,2.076,0.297,19.978,0.153,13.664,0.495,76.642,4.171,115.401,0.239,117.716,0.28
1985 July,0,2.185,0.374,19.919,0.158,15.069,0.468,79.327,4.209,119.525,0.26,121.969,0.289
1985 August,0,2.13,0.379,20.803,0.158,14.965,0.541,81.968,4.381,123.194,0.258,125.582,0.289
1985 September,0,2.021,0.307,18.858,0.153,14.493,0.452,72.619,3.992,110.874,0.231,113.125,0.28
1985 October,0,2.13,0.291,20.448,0.158,15.579,0.521,78.064,4.176,119.236,0.236,121.602,0.289
1985 November,0,2.13,0.207,17.817,0.153,15.299,0.409,74.16,5.917,113.962,0.248,116.341,0.28
1985 December,0,2.786,0.28,19.287,0.158,16.671,0.37,76.884,5.771,119.421,0.261,122.468,0.289
1986 January,0,2.75,0.218,18.797,0.146,15.989,0.251,73.657,5.269,114.327,0.269,117.346,0.334
1986 February,0,2.365,0.205,17.544,0.132,14.298,0.432,66.191,5.376,104.178,0.235,106.779,0.302
1986 March,0,2.31,0.308,20.312,0.146,14.854,0.557,78.787,6.047,121.011,0.24,123.561,0.334
1986 April,0,1.98,0.347,19.846,0.141,15.096,0.519,77.888,6.138,119.974,0.213,122.167,0.323
1986 May,0,2.09,0.379,20.427,0.146,15.456,0.571,80.504,5.63,123.113,0.249,125.452,0.334
1986 June,0,2.035,0.371,19.536,0.141,15.849,0.542,79.034,5.207,120.681,0.261,122.976,0.323
1986 July,0,2.09,0.385,20.518,0.146,16.406,0.481,84.233,4.62,126.79,0.301,129.181,0.334
1986 August,0,2.09,0.415,20.699,0.146,16.769,0.479,84.225,4.689,127.421,0.265,129.777,0.334
1986 September,0,1.98,0.651,18.821,0.141,15.849,0.525,75.255,4.807,116.05,0.251,118.281,0.323
1986 October,0,2.09,0.303,20.752,0.146,15.764,0.521,82.126,5.021,124.634,0.245,126.969,0.334
1986 November,0,2.09,0.24,19.447,0.141,16.555,0.426,75.413,5.502,117.725,0.231,120.046,0.323
1986 December,0,2.585,0.252,21.286,0.146,17.918,0.359,80.915,7.008,127.883,0.264,130.732,0.334
1987 January,0,2.908,0.211,20.045,0.116,16.905,0.527,74.05,6.616,118.469,0.27,121.648,0.384
1987 February,0,2.469,0.211,18.996,0.104,15.983,0.514,69.556,6.323,111.688,0.237,114.394,0.347
1987 March,0,2.414,0.278,20.625,0.116,16.925,0.586,78.916,5.269,122.714,0.244,125.373,0.384
1987 April,0,2.305,0.283,20.694,0.112,16.139,0.59,80.206,5.732,123.756,0.236,126.296,0.372
1987 May,0,2.305,0.326,20.488,0.116,16.209,0.52,84.538,4.763,126.961,0.261,129.526,0.384
1987 June,0,2.195,0.306,20.852,0.112,16.304,0.603,82.678,4.919,125.773,0.28,128.248,0.372
1987 July,0,2.085,0.314,21.212,0.116,17.222,0.558,85.907,5.599,130.927,0.295,133.307,0.384
1987 August,0,2.195,0.327,20.877,0.116,17.559,0.516,83.154,4.713,127.261,0.288,129.744,0.384
1987 September,0,2.085,0.259,20.504,0.112,16.314,0.513,79.013,6.85,123.565,0.247,125.897,0.372
1987 October,0,2.25,0.271,21.902,0.116,18.2,0.508,82.781,5.4,129.178,0.253,131.681,0.384
1987 November,0,2.36,0.192,19.435,0.112,16.292,0.427,78.422,4.985,119.864,0.259,122.483,0.372
1987 December,0,2.799,0.177,20.982,0.116,18.168,0.541,82.168,6.452,128.604,0.27,131.673,0.384
1988 January,0,3.435,0.251,21.975,0.124,19.362,0.446,75.949,6.477,124.585,0.271,128.291,0.389
1988 February,0,2.999,0.222,21.011,0.116,17.549,0.539,74.725,7.829,121.991,0.252,125.242,0.364
1988 March,0,2.89,0.28,23.884,0.124,17.244,0.577,83.098,7.84,133.046,0.246,136.182,0.389
1988 April,0,2.508,0.257,21.298,0.12,16.679,0.503,81.595,7.359,127.809,0.234,130.552,0.377
1988 May,0,2.672,0.362,22.244,0.124,16.96,0.59,82.872,4.493,127.645,0.25,130.567,0.389
1988 June,0,2.563,0.339,22.313,0.12,17.05,0.501,85.846,4.489,130.658,0.283,133.504,0.377
1988 July,0,2.672,0.36,21.666,0.124,17.409,0.5,84.903,3.913,128.874,0.297,131.843,0.389
1988 August,0,2.672,0.307,22.557,0.124,17.875,0.558,85.748,4.088,131.257,0.302,134.231,0.389
1988 September,0,2.563,0.295,21.484,0.12,17.077,0.531,81.307,5.444,126.259,0.256,129.078,0.377
1988 October,0,2.672,0.274,23.896,0.124,18.497,0.516,82.51,5.19,131.007,0.267,133.946,0.389
1988 November,0,2.781,0.218,22.096,0.12,17.266,0.524,81.029,5.451,126.704,0.261,129.746,0.377
1988 December,0,3.054,0.222,23.753,0.124,19.136,0.39,83.338,6.446,133.41,0.282,136.746,0.389
1989 January,0,3.114,0.248,21.658,0.122,18.734,0.482,76.547,7.614,125.405,0.274,128.793,0.396
1989 February,0,3.114,0.16,20.582,0.11,17.289,0.507,72.974,5.589,117.211,0.264,120.589,0.357
1989 March,0,2.95,0.275,23.521,0.122,18.462,0.635,84.221,6.202,133.437,0.272,136.659,0.396
1989 April,0,2.677,0.318,22.132,0.118,16.207,0.525,78.605,7.157,125.061,0.251,127.989,0.383
1989 May,0,2.787,0.291,23.474,0.122,16.442,0.662,83.762,5.628,130.381,0.266,133.433,0.396
1989 June,0,2.732,0.267,23.136,0.118,18.005,0.565,85.451,4.838,132.379,0.281,135.392,0.383
1989 July,0,2.732,0.314,21.976,0.122,17.642,0.456,82.804,6.313,129.626,0.296,132.655,0.396
1989 August,0,2.732,0.429,23.466,0.122,18.399,0.546,87.58,4.853,135.395,0.293,138.42,0.396
1989 September,0,2.623,0.281,21.762,0.118,18.205,0.512,79.52,3.851,124.249,0.266,127.137,0.383
1989 October,0,2.677,0.231,23.784,0.122,18.27,0.562,82.866,8.514,134.35,0.27,137.297,0.396
1989 November,0,2.732,0.284,22.949,0.118,18.261,0.481,80.757,5.351,128.2,0.269,131.202,0.383
1989 December,0,3.551,0.192,24.203,0.122,21.673,0.401,84.099,7.015,137.704,0.306,141.561,0.396
1990 January,0,4.178,0.207,22.174,0.122,19.682,0.542,75.397,9.344,127.467,0.253,131.898,0.351
1990 February,0,3.59,0.225,20.713,0.111,17.022,0.567,73.591,7.882,120.112,0.235,123.937,0.317
1990 March,0,3.487,0.272,24.278,0.122,18.076,0.607,83.279,5.775,132.409,0.251,136.147,0.351
1990 April,0,3.086,0.238,22.884,0.118,18.391,0.481,78.212,5.064,125.389,0.248,128.723,0.34
1990 May,0,2.634,0.279,23.273,0.122,18.563,0.592,83.511,6.97,133.311,0.268,136.212,0.351
1990 June,0,2.419,0.325,22.716,0.118,17.91,0.459,82.579,4.712,128.82,0.287,131.527,0.34
1990 July,0,2.389,0.341,22.952,0.122,17.477,0.574,85.07,5.225,131.761,0.31,134.46,0.351
1990 August,0,2.442,0.336,25,0.122,19.274,0.656,88.475,6.055,139.918,0.305,142.665,0.351
1990 September,0,2.386,0.253,21.622,0.118,18.426,0.576,75.942,5.034,121.972,0.272,124.63,0.34
1990 October,0,2.634,0.241,22.589,0.122,19.689,0.591,82.012,6.101,131.345,0.269,134.248,0.351
1990 November,0,2.963,0.208,22.037,0.118,18.952,0.467,79.533,5.543,126.858,0.244,130.066,0.34
1990 December,0,3.794,0.183,20.526,0.122,19.149,0.407,79.2,8.591,128.177,0.255,132.226,0.351
1991 January,0,4.031,0.17,22.486,0.113,19.361,0.509,75.414,5.893,123.947,0.262,128.241,0.407
1991 February,0,3.344,0.179,19.466,0.102,17.291,0.373,70.099,6.112,113.622,0.225,117.19,0.368
1991 March,0,3.197,0.216,22.557,0.113,17.691,0.48,79.641,7.867,128.564,0.238,132,0.407
1991 April,0,2.66,0.234,21.679,0.109,15.979,0.477,78.387,6.783,123.649,0.24,126.548,0.394
1991 May,0,2.284,0.272,22.514,0.113,16.546,0.537,84.404,4.035,128.421,0.282,130.986,0.407
1991 June,0,2.038,0.292,22.236,0.109,17.606,0.491,81.891,6.719,129.344,0.279,131.661,0.394
1991 July,0,2.191,0.337,22.132,0.113,18.751,0.559,85.816,4.932,132.64,0.298,135.129,0.407
1991 August,0,2.174,0.329,23.004,0.113,19.148,0.465,85.437,6.114,134.61,0.3,137.084,0.407
1991 September,0,2.097,0.269,22.277,0.109,18.1,0.524,77.794,5.864,124.938,0.262,127.297,0.394
1991 October,0,2.427,0.23,23.615,0.113,18.502,0.508,82.639,7.078,132.685,0.25,135.362,0.407
1991 November,0,2.926,0.185,21.789,0.109,17.654,0.446,76.974,7.082,124.24,0.251,127.417,0.394
1991 December,0,3.501,0.171,22.536,0.113,18.549,0.462,81.986,8.561,132.378,0.257,136.136,0.407
1992 January,0,3.741,0.171,22.099,0.104,18.302,0.509,77.963,6.904,126.052,0.256,130.048,0.462
1992 February,0,3.396,0.227,21.361,0.097,16.245,0.469,73.935,7.993,120.326,0.233,123.955,0.432
1992 March,0,3.205,0.236,23.92,0.104,16.953,0.499,81.008,6.576,129.294,0.254,132.754,0.462
1992 April,0,2.787,0.205,22.98,0.1,16.946,0.517,79.508,6.696,126.951,0.246,129.984,0.447
1992 May,0,2.317,0.269,22.984,0.104,16.713,0.622,83.181,7.708,131.583,0.26,134.16,0.462
1992 June,0,2.052,0.32,21.951,0.1,17.285,0.522,81.941,5.623,127.743,0.268,130.063,0.447
1992 July,0,2.131,0.263,23.13,0.104,17.806,0.491,86.703,5.093,133.589,0.297,136.017,0.462
1992 August,0,2.052,0.311,23.234,0.104,19.706,0.482,83.766,5.58,133.183,0.279,135.514,0.462
1992 September,0,2.027,0.253,22.039,0.1,17.346,0.503,80.675,4.453,125.369,0.278,127.673,0.447
1992 October,0,2.225,0.178,24.065,0.104,18.376,0.484,83.295,7.523,134.024,0.255,136.504,0.462
1992 November,0,2.759,0.171,21.561,0.1,18.401,0.46,78.009,6.31,125.012,0.248,128.019,0.447
1992 December,0,3.531,0.235,23.126,0.104,19.306,0.388,83.948,9.887,136.992,0.258,140.782,0.462
1993 January,0,3.91,0.117,21.861,0.108,18.112,0.466,74.603,5.765,121.032,0.255,125.197,0.506
1993 February,0,3.717,0.113,21.691,0.098,16.596,0.434,72.173,5.868,116.973,0.246,120.936,0.504
1993 March,0,3.651,0.289,24.233,0.108,18.061,0.563,83.023,5.405,131.682,0.258,135.591,0.578
1993 April,0,2.839,0.19,22.474,0.105,16.993,0.509,80.917,7.37,128.559,0.237,131.635,0.487
1993 May,0,2.157,0.286,22.713,0.108,17.411,0.48,85.344,7.386,133.729,0.239,136.125,0.481
1993 June,0,2.146,0.249,23.074,0.105,18.368,0.557,83.812,3.563,129.728,0.274,132.148,0.499
1993 July,0,2.246,0.307,23.109,0.108,18.209,0.503,87.565,4.054,133.856,0.294,136.396,0.514
1993 August,0,2.275,0.333,23.713,0.108,18.828,0.579,88.578,2.14,134.279,0.298,136.852,0.404
1993 September,0,2.121,0.28,23.444,0.105,17.992,0.543,82.755,5.591,130.71,0.269,133.1,0.538
1993 October,0,2.49,0.152,25.043,0.108,18.402,0.485,82.961,6.318,133.469,0.277,136.236,0.559
1993 November,0,2.982,0.226,24.587,0.105,17.492,0.518,81.787,6.634,131.35,0.267,134.598,0.679
1993 December,0,3.621,0.112,24.782,0.108,18.597,0.415,86.014,7.599,137.627,0.275,141.523,0.661
1994 January,0,4.675,0.206,24.528,0.182,18.72,0.507,78.106,4.012,126.26,0.29,131.225,0.695
1994 February,0,4.267,0.203,22.506,0.164,17.086,0.485,73.642,7.542,121.628,0.257,126.151,0.546
1994 March,0,3.736,0.203,25.01,0.182,18.752,0.586,82.871,5.576,133.18,0.266,137.182,0.621
1994 April,0,2.967,0.285,24.818,0.176,18.579,0.544,82.094,5.998,132.495,0.25,135.712,0.552
1994 May,0,2.502,0.105,24.86,0.182,18,0.548,85.749,6.537,135.981,0.26,138.743,0.565
1994 June,0,2.48,0.389,25.184,0.176,18.945,0.579,86.066,3.117,134.455,0.304,137.24,0.502
1994 July,0,2.467,0.078,24.533,0.182,18.979,0.518,88.492,3.789,136.572,0.302,139.341,0.535
1994 August,0,2.515,0.32,26.639,0.182,19.727,0.527,89.446,6.26,143.101,0.3,145.915,0.595
1994 September,0,2.421,0.223,25.269,0.176,18.244,0.492,82.744,4.383,131.53,0.269,134.22,0.473
1994 October,0,2.632,0.217,25.711,0.182,19.333,0.566,84.498,5.998,136.506,0.274,139.412,0.715
1994 November,0,3.092,0.225,24.541,0.176,18.275,0.443,80.899,6.006,130.566,0.259,133.917,0.653
1994 December,0,3.809,0.183,24.338,0.182,19.171,0.533,88.734,7.058,140.198,0.267,144.274,0.723
1995 January,0,4.326,0.206,24.747,0.095,19.211,0.506,80.139,6.282,131.186,0.263,135.776,0.632
1995 February,0,3.979,0.212,23.673,0.086,17.106,0.467,75.614,5.1,122.257,0.245,126.481,0.576
1995 March,0,3.758,0.239,26.123,0.095,18.416,0.582,87.102,6.617,139.172,0.252,143.182,0.708
1995 April,0,3.168,0.202,25.044,0.092,17.046,0.445,82.839,6.345,132.013,0.24,135.42,0.654
1995 May,0,2.764,0.284,25.766,0.095,18.531,0.558,88.471,5.49,139.196,0.252,142.212,0.548
1995 June,0,2.45,0.206,27.299,0.092,17.253,0.52,89.007,6.684,141.06,0.27,143.781,0.696
1995 July,0,2.636,0.298,25.63,0.095,18.736,0.467,88.432,3.276,136.933,0.302,139.871,0.519
1995 August,0,2.732,0.278,27.194,0.095,18.835,0.572,91.908,3.573,142.454,0.314,145.5,0.429
1995 September,0,2.446,0.328,27.125,0.092,18.74,0.506,84.389,5.802,136.981,0.281,139.708,0.579
1995 October,0,2.614,0.157,26.786,0.095,18.956,0.563,86.962,6.913,140.432,0.27,143.316,0.769
1995 November,0,3.358,0.162,25.067,0.092,19.099,0.54,84.919,6.032,135.912,0.266,139.535,0.899
1995 December,0,4.167,0.164,25.528,0.095,20.185,0.493,86.603,6.259,139.327,0.271,143.765,0.69
1996 January,0,4.643,0.149,26.316,0.083,20.604,0.459,81.371,6.105,135.087,0.265,139.995,0.685
1996 February,0,4.206,0.135,24.964,0.078,19.727,0.459,79.633,4.831,129.826,0.246,134.278,0.6
1996 March,0,3.961,0.27,27.441,0.083,19.567,0.649,87.357,4.881,140.248,0.246,144.456,0.588
1996 April,0,3.248,0.221,27.521,0.081,18.63,0.44,85.536,5.831,138.259,0.235,141.743,0.466
1996 May,0,2.779,0.235,28.022,0.083,18.888,0.573,90.704,6.782,145.288,0.264,148.33,0.404
1996 June,0,2.556,0.299,27.919,0.081,19.144,0.461,88.068,3.838,139.81,0.273,142.638,0.294
1996 July,0,2.517,0.222,28.398,0.083,19.956,0.527,91.899,4.567,145.653,0.289,148.459,0.282
1996 August,0,2.571,0.227,29.287,0.083,20.085,0.526,93.835,5.446,149.489,0.295,152.355,0.353
1996 September,0,2.454,0.236,27.227,0.081,19.724,0.523,83.38,4.376,135.546,0.288,138.289,0.327
1996 October,0,2.697,0.201,29.717,0.083,20.709,0.512,90.886,7.088,149.198,0.276,152.17,0.472
1996 November,0,3.382,0.215,26.724,0.081,19.51,0.482,85.914,4.845,137.771,0.272,141.426,0.537
1996 December,0,4.07,0.172,26.717,0.083,19.929,0.425,87.467,5.336,140.128,0.271,144.469,0.513
1997 January,0,4.796,0.148,27.399,0.076,20.501,0.428,81.665,5.112,135.329,0.269,140.393,0.514
1997 February,0,4.279,0.229,24.302,0.069,18.027,0.501,77.403,6.887,127.418,0.237,131.933,0.543
1997 March,0,4,0.209,28.626,0.076,19.41,0.512,87.148,5.364,141.345,0.244,145.589,0.595
1997 April,0,3.383,0.295,28.998,0.074,19.152,0.59,87.298,6.184,142.591,0.24,146.214,0.537
1997 May,0,2.97,0.279,29.362,0.076,19.689,0.632,91.053,5.421,146.513,0.258,149.74,0.556
1997 June,0,2.71,0.224,28.762,0.074,19.331,0.452,89.815,3.786,142.444,0.276,145.43,0.466
1997 July,0,2.879,0.254,29.997,0.076,21.395,0.574,94.983,2.965,150.245,0.311,153.434,0.635
1997 August,0,2.841,0.338,29.637,0.076,20.924,0.574,92.191,3.04,146.78,0.298,149.92,0.482
1997 September,0,2.688,0.208,28.633,0.074,19.479,0.527,86.843,3.543,139.307,0.296,142.291,0.541
1997 October,0,2.861,0.25,31.452,0.076,20.297,0.633,90.865,3.137,146.71,0.294,149.865,0.754
1997 November,0,3.569,0.147,28.379,0.074,19.804,0.479,86.161,4.305,139.35,0.272,143.191,0.59
1997 December,0,4.411,0.163,29.7,0.076,20.914,0.472,89.995,3.7,145.021,0.279,149.71,0.767
1998 January,0,4.023,0.103,27.99,0.094,19.785,0.544,85.153,6.828,140.496,0.271,144.79,0.723
1998 February,0,3.536,0.224,26.063,0.085,18.412,0.517,77.938,4.94,128.179,0.232,131.947,0.584
1998 March,0,3.543,0.201,29.836,0.094,20.172,0.561,89.564,3.501,143.93,0.258,147.731,0.669
1998 April,0,2.826,0.195,29.524,0.091,20.321,0.627,90.114,7.634,148.507,0.244,151.577,0.58
1998 May,0,2.467,0.206,29.558,0.094,19.889,0.561,92.833,2.581,145.723,0.279,148.47,0.518
1998 June,0,2.406,0.296,30.922,0.091,19.788,0.559,92.412,1.586,145.653,0.295,148.354,0.559
1998 July,0,2.595,0.236,30.842,0.094,21.048,0.547,97.287,3.885,153.939,0.303,156.836,0.586
1998 August,0,2.612,0.265,31.904,0.094,20.372,0.573,95.984,1.969,151.16,0.313,154.086,0.625
1998 September,0,2.431,0.194,29.763,0.091,19.213,0.571,90.027,4.463,144.323,0.308,147.061,0.643
1998 October,0,2.438,0.245,31.401,0.094,21.167,0.629,93.717,3.956,151.209,0.274,153.921,0.738
1998 November,0,2.85,0.181,28.498,0.091,20.068,0.472,88.446,4.948,142.704,0.272,145.826,0.657
1998 December,0,3.562,0.107,29.176,0.094,22.199,0.514,94.424,4.301,150.816,0.269,154.647,0.841
1999 January,0,4.228,0.281,28.939,0.076,21.549,0.484,86.247,3.003,140.579,0.275,145.082,0.705
1999 February,0,3.548,0.157,25.583,0.069,19.366,0.493,81.313,3.941,130.921,0.252,134.722,0.592
1999 March,0,3.609,0.201,31.005,0.076,21.47,0.569,91.142,4.58,149.043,0.27,152.922,0.631
1999 April,0,2.965,0.265,29.921,0.074,20.24,0.558,92.363,2.655,146.075,0.267,149.307,0.583
1999 May,0,2.48,0.166,31.322,0.076,20.423,0.538,94.488,5.204,152.217,0.287,154.984,0.587
1999 June,0,2.345,0.265,31.284,0.074,20.042,0.58,96.456,1.962,150.663,0.296,153.304,0.645
1999 July,0,2.52,0.281,32.567,0.076,20.875,0.567,100.422,0.37,155.157,0.338,158.015,0.551
1999 August,0,2.596,0.304,32.664,0.076,22.074,0.559,96.246,4.772,156.694,0.314,159.604,0.632
1999 September,0,2.401,0.237,30.969,0.074,20.19,0.595,90.117,4.012,146.195,0.289,148.885,0.633
1999 October,0,2.6,0.193,33.162,0.076,21.886,0.629,95.653,4.716,156.315,0.288,159.203,0.786
1999 November,0,2.836,0.186,30.154,0.074,20.111,0.577,89.222,6.501,146.825,0.266,149.927,0.808
1999 December,0,3.684,0.175,31.907,0.076,21.792,0.596,99.107,8.255,161.908,0.26,165.851,0.91
2000 January,0,4.001,0.172,29.837,0.063,20.359,0.596,86.191,5.841,143.06,0.3,147.36,0.777
2000 February,0,3.715,0.126,28.125,0.059,19.901,0.578,87.508,6.878,143.175,0.275,147.165,0.644
2000 March,0,3.248,0.228,31.637,0.063,21.358,0.57,93.597,5.654,153.107,0.279,156.635,0.79
2000 April,0,2.819,0.224,31.061,0.061,20.603,0.541,91.43,6.47,150.39,0.26,153.469,0.684
2000 May,0,2.571,0.234,33.736,0.063,21.187,0.598,97.646,3.629,157.093,0.307,159.971,0.783
2000 June,0,2.377,0.235,32.955,0.061,21.072,0.559,96.474,4.364,155.721,0.312,158.409,0.594
2000 July,0,2.395,0.261,33.38,0.063,22.585,0.563,97.493,7.11,161.455,0.326,164.175,0.729
2000 August,0,2.601,0.307,34.546,0.063,23.432,0.612,100.58,3.522,163.062,0.347,166.011,0.804
2000 September,0,2.314,0.193,33.172,0.061,21.5,0.565,92.94,3.49,151.921,0.318,154.552,0.74
2000 October,0,2.459,0.221,33.54,0.063,22.571,0.576,94.76,8.255,159.987,0.307,162.753,0.887
2000 November,0,3.022,0.175,31.611,0.061,21.241,0.471,91.32,5.891,150.772,0.295,154.089,0.879
2000 December,0,4.13,0.133,32.118,0.063,22.773,0.413,97.6,5.543,158.644,0.301,163.075,0.923
2001 January,0,4.234,0.191,30.652,0.073,22.111,0.503,89.687,3.431,146.649,0.315,151.199,0.979
2001 February,0,3.649,0.217,29.083,0.066,20.098,0.493,82.465,3.815,136.237,0.279,140.165,0.789
2001 March,0,3.538,0.174,33.327,0.073,21.394,0.582,94.679,3.632,153.862,0.302,157.703,0.845
2001 April,0,2.833,0.177,32.464,0.071,20.74,0.49,92.213,4.433,150.588,0.286,153.707,0.701
2001 May,0,2.372,0.261,34.456,0.073,21.834,0.557,96.736,4.093,158.01,0.319,160.701,0.74
2001 June,0,2.25,0.228,33.664,0.071,21.495,0.58,93.617,3.035,152.689,0.331,155.27,0.552
2001 July,0,2.496,0.253,34.514,0.073,22.412,0.521,100.044,4.223,162.04,0.345,164.881,0.974
2001 August,0,2.61,0.268,35.919,0.073,21.807,0.547,99.585,1.397,159.597,0.37,162.577,0.667
2001 September,0,2.329,0.154,32.962,0.071,18.76,0.518,91.949,3.072,147.486,0.341,150.156,0.771
2001 October,0,2.575,0.171,34.748,0.073,19.919,0.446,95.852,5.33,156.537,0.323,159.436,1.036
2001 November,0,2.663,0.176,31.786,0.071,17.733,0.544,93.177,4.433,147.92,0.303,150.886,0.839
2001 December,0,3.338,0.146,31.062,0.073,19.129,0.305,95.275,3.077,149.067,0.306,152.711,0.842
2002 January,0,4.032,0.166,31.19,0.076,20.146,0.638,91.22,5.063,148.5,0.281,152.813,0.879
2002 February,0,3.632,0.118,28.302,0.069,17.568,0.43,86.197,4.318,137.001,0.264,140.896,0.835
2002 March,0,3.652,0.178,32.695,0.076,20.066,0.497,96.185,5.654,155.351,0.28,159.283,0.733
2002 April,0,3.028,0.195,33.816,0.074,20.381,0.559,94.107,4.611,153.743,0.277,157.048,0.856
2002 May,0,2.579,0.178,34.913,0.076,19.396,0.538,100.719,4.295,160.115,0.296,162.99,0.913
2002 June,0,2.547,0.227,34.193,0.074,20.239,0.47,98.195,3.906,157.304,0.316,160.167,0.831
2002 July,0,2.808,0.289,35.845,0.076,21.33,0.515,101.388,2.317,161.76,0.335,164.903,0.968
2002 August,0,2.769,0.266,36.17,0.076,20.439,0.477,103.291,2.374,163.094,0.338,166.2,0.956
2002 September,0,2.474,0.196,33.961,0.074,19.669,0.526,93.14,3.192,150.759,0.322,153.554,0.958
2002 October,0,2.64,0.222,34.943,0.076,20.497,0.531,97.499,3.618,157.386,0.322,160.348,1.15
2002 November,0,3.08,0.158,33.276,0.074,19.847,0.477,94.306,5.92,154.059,0.298,157.437,1.31
2002 December,0,3.847,0.139,32.84,0.076,21.667,0.356,98.3,5.555,158.935,0.309,163.091,1.235
2003 January,0,4.057,0.086,32.658,0.096,19.124,0.542,94.053,2.333,148.891,0.411,153.359,1.131
2003 February,0,3.757,0.139,31.108,0.086,18.124,0.433,85.75,3.707,139.347,0.349,143.453,1.337
2003 March,0,3.286,0.193,34.119,0.096,19.903,0.498,96.179,5.094,156.082,0.375,159.743,1.131
2003 April,0,2.597,0.155,34.922,0.092,18.68,0.476,95.471,3.938,153.733,0.334,156.665,1.274
2003 May,0,2.248,0.193,35.21,0.096,18.66,0.426,101.005,3.864,159.455,0.358,162.06,1.275
2003 June,0,2.027,0.15,35.277,0.092,19.228,0.43,99.174,2.289,156.641,0.364,159.032,1.215
2003 July,0,2.382,0.223,36.302,0.096,20.395,0.47,102.738,2.694,162.918,0.381,165.681,1.243
2003 August,0,2.457,0.212,37.057,0.096,21.088,0.48,105.098,3.774,167.804,0.397,170.658,1.365
2003 September,0,2.119,0.268,35.08,0.092,19.419,0.461,96.502,2.794,154.617,0.373,157.11,1.217
2003 October,0,2.307,0.145,36.52,0.096,20.063,0.53,101.642,3.828,162.824,0.388,165.519,1.376
2003 November,0,2.617,0.186,34.004,0.092,20.037,0.351,96.354,4.666,155.692,0.378,158.686,1.558
2003 December,0,3.41,0.139,34.808,0.096,21.117,0.462,100.29,3.891,160.803,0.404,164.618,1.615
2004 January,0,3.828,0.146,34.423,0.102,19.11,0.431,95.811,3.618,153.641,0.425,157.894,1.602
2004 February,0,3.593,0.181,32.639,0.095,19.856,0.354,90.943,5.713,149.781,0.405,153.779,1.571
2004 March,0,2.995,0.156,36.819,0.102,19.807,0.522,99.415,5.089,161.91,0.369,165.275,1.569
2004 April,0,2.483,0.21,37.202,0.099,19.303,0.532,97.217,4.578,159.141,0.365,161.989,1.611
2004 May,0,2.236,0.154,37.905,0.102,20.258,0.463,101.067,3.758,163.707,0.387,166.33,1.649
2004 June,0,2.107,0.175,37.661,0.099,20.504,0.562,99.196,3.549,161.745,0.381,164.233,1.74
2004 July,0,2.252,0.231,38.954,0.102,21.045,0.511,103.12,4.01,167.972,0.419,170.643,1.596
2004 August,0,2.243,0.208,39.259,0.102,21.965,0.436,102.731,3.134,167.835,0.404,170.482,1.634
2004 September,0,2.109,0.219,37.772,0.099,19.794,0.449,95.981,4.514,158.827,0.397,161.333,1.645
2004 October,0,2.214,0.205,38.905,0.102,20.833,0.494,100.062,6.284,166.885,0.397,169.495,1.729
2004 November,0,2.54,0.126,35.973,0.099,20.939,0.421,96.362,5.978,159.897,0.387,162.824,1.691
2004 December,0,3.328,0.15,35.465,0.102,20.882,0.458,101.191,5.307,163.554,0.441,167.322,1.81
2005 January,0,3.86,0.311,34.801,0.151,19.503,0.449,96.262,5.581,157.057,0.46,161.377,1.864
2005 February,0,3.376,0.175,32.499,0.136,19.982,0.414,87.494,5.825,146.523,0.418,150.317,1.639
2005 March,0,3.314,0.179,38.346,0.151,21.912,0.49,98.358,4.549,163.984,0.406,167.704,1.782
2005 April,0,2.586,0.18,37.698,0.146,19.826,0.448,96.677,5.566,160.541,0.376,163.502,1.684
2005 May,0,2.278,0.185,39.516,0.151,21.251,0.527,101.473,5.474,168.577,0.372,171.228,1.839
2005 June,0,2.296,0.211,38.648,0.146,20.745,0.509,99.01,3.676,162.945,0.413,165.655,1.978
2005 July,0,2.53,0.23,39.334,0.151,21.898,0.489,104.168,3.757,170.027,0.411,172.969,1.975
2005 August,0,2.543,0.251,40.015,0.151,22.13,0.511,104.07,4.645,171.774,0.444,174.762,2.116
2005 September,0,2.142,0.242,38.466,0.146,20.521,0.43,94.135,5.098,159.038,0.405,161.585,1.921
2005 October,0,2.147,0.166,39.309,0.151,21.004,0.547,98.497,6.112,165.786,0.396,168.328,2.089
2005 November,0,2.499,0.15,36.791,0.146,19.889,0.384,96.081,7.616,161.058,0.391,163.947,2.123
2005 December,0,3.505,0.165,37.817,0.151,22.292,0.406,101.219,4.985,167.035,0.449,170.989,2.254
2006 January,0,3.316,0.092,36.364,0.147,20.372,0.401,96.866,8.267,162.51,0.403,166.229,2.098
2006 February,0,3.287,0.157,33.906,0.133,18.144,0.607,88.17,6.396,147.513,0.39,151.189,1.916
2006 March,0,3.253,0.235,39.765,0.147,19.805,0.469,99.191,7.648,167.26,0.402,170.915,2.211
2006 April,0,2.567,0.229,38.948,0.142,20.321,0.494,96.915,6.029,163.078,0.363,166.008,2.285
2006 May,0,2.326,0.234,41.099,0.147,20.732,0.421,101.498,5.206,169.338,0.372,172.036,2.765
2006 June,0,2.362,0.185,40.439,0.142,20.936,0.486,99.693,4.646,166.526,0.39,169.278,3.1
2006 July,0,2.685,0.217,41.821,0.147,21.575,0.454,104.752,4.87,173.836,0.413,176.934,2.841
2006 August,0,2.673,0.299,43.003,0.147,21.524,0.462,104.138,5.225,174.798,0.411,177.882,3.022
2006 September,0,2.223,0.192,40.269,0.142,19.756,0.389,97.165,4.188,162.102,0.378,164.703,2.971
2006 October,0,2.504,0.2,42.35,0.147,20.377,0.554,100.65,5.135,169.414,0.399,172.317,3.144
2006 November,0,2.692,0.135,38.883,0.142,19.818,0.399,97.123,3.802,160.302,0.384,163.379,3.079
2006 December,0,3.244,0.137,39.486,0.147,20.705,0.324,101.366,6.597,168.762,0.414,172.419,3.257
2007 January,0,3.787,0.178,37.081,0.117,20.516,0.512,96.317,6.424,161.146,0.497,165.429,3.305
2007 February,0,3.93,0.13,35.076,0.106,18.732,0.39,88.186,5.834,148.454,0.455,152.838,2.931
2007 March,0,3.247,0.149,39.155,0.117,19.689,0.513,99.58,6.113,165.316,0.467,169.03,3.217
2007 April,0,2.757,0.21,40,0.114,20.228,0.472,96.839,5.744,163.606,0.407,166.77,2.96
2007 May,0,2.365,0.188,41.729,0.117,20.541,0.533,102.395,6.543,172.046,0.39,174.801,3.242
2007 June,0,2.36,0.232,41.139,0.114,20.426,0.439,99.557,6.312,168.219,0.433,171.012,3.435
2007 July,0,2.523,0.187,42.386,0.117,21.129,0.498,104.483,5.833,174.635,0.441,177.598,3.469
2007 August,0,2.887,0.231,42.869,0.117,21.624,0.471,103.813,6.093,175.217,0.447,178.551,3.676
2007 September,0,2.413,0.173,40.335,0.114,18.831,0.417,96.937,5.887,162.695,0.425,165.534,3.527
2007 October,0,2.469,0.229,41.505,0.117,20.777,0.509,99.612,5.606,168.356,0.417,171.242,3.969
2007 November,0,2.786,0.161,37.497,0.114,19.652,0.452,96.234,8.024,162.132,0.434,165.353,3.63
2007 December,0,3.658,0.117,37.274,0.117,20.348,0.433,99.57,6.203,164.062,0.442,168.162,4.078
2008 January,0,4.33,0.141,33.008,0.214,20.065,0.464,93.327,6.283,153.503,0.45,158.283,3.936
2008 February,0,3.962,0.126,31.51,0.2,18.441,0.415,87.506,4.39,142.589,0.413,146.964,3.991
2008 March,0,3.597,0.168,35.898,0.214,19.702,0.485,95.893,5.73,158.091,0.396,162.084,4.017
2008 April,0,2.873,0.179,36.304,0.207,19.927,0.476,92.765,6.95,156.807,0.384,160.064,4.415
2008 May,0,2.477,0.206,37.973,0.214,20.181,0.483,97.384,6.841,163.283,0.375,166.135,4.594
2008 June,0,2.521,0.172,36.538,0.207,19.942,0.451,92.529,5.907,155.746,0.395,158.662,4.54
2008 July,0,2.684,0.171,37.847,0.214,19.987,0.47,95.922,6.557,161.169,0.416,164.27,5.022
2008 August,0,2.645,0.193,38.053,0.214,20.807,0.531,95.678,4.686,160.162,0.416,163.223,5.177
2008 September,0,2.307,0.165,35.896,0.207,18.155,0.317,85.672,4.307,144.72,0.386,147.414,5.145
2008 October,0,2.573,0.129,38.864,0.214,17.989,0.493,94.244,6.073,158.007,0.402,160.982,5.356
2008 November,0,2.943,0.156,34.628,0.207,17.688,0.298,90.045,4.734,147.756,0.397,151.095,5.082
2008 December,0,3.79,0.149,33.545,0.214,17.709,0.351,93.097,7.073,152.137,0.428,156.355,5.368
2009 January,0,4.538,0.145,32.956,0.15,16.661,0.407,90.532,6.434,147.284,0.481,152.304,4.614
2009 February,0,3.872,0.101,29.579,0.135,15.551,0.293,84.096,3.514,133.269,0.39,137.531,3.982
2009 March,0,3.596,0.151,33.666,0.15,17.848,0.38,93.642,6.129,151.966,0.394,155.956,4.794
2009 April,0,2.878,0.161,32.723,0.145,17.595,0.408,91.574,7.254,149.86,0.353,153.091,5.038
2009 May,0,2.478,0.137,34.967,0.15,16.873,0.342,94.901,4.176,151.545,0.356,154.378,5.473
2009 June,0,2.519,0.185,34.98,0.145,17.5,0.407,92.844,5.721,151.783,0.372,154.673,5.361
2009 July,0,2.739,0.202,35.494,0.15,19.122,0.412,96.63,2.651,154.66,0.4,157.8,5.714
2009 August,0,2.87,0.168,35.717,0.15,18.392,0.466,96.988,4.448,156.328,0.396,159.594,5.827
2009 September,0,2.603,0.194,33.795,0.145,17.376,0.406,89.992,3.004,144.912,0.364,147.879,5.515
2009 October,0,2.752,0.122,35.533,0.15,17.294,0.416,93.482,5.109,152.106,0.357,155.215,6.03
2009 November,0,2.938,0.103,32.975,0.145,16.612,0.383,89.492,4.632,144.342,0.36,147.639,5.85
2009 December,0,4.143,0.168,33.642,0.15,17.414,0.387,92.865,6.29,150.916,0.432,155.491,6.012
2010 January,0,4.475,0.105,31.537,0.024,17.059,0.432,87.626,6.109,142.892,0.435,147.802,5.534
2010 February,0,3.946,0.1,29.985,0.022,15.399,0.458,79.534,4.961,130.46,0.408,134.814,5.419
2010 March,0,3.399,0.152,35.646,0.024,18.32,0.511,90.441,5.994,151.088,0.379,154.866,5.853
2010 April,0,2.676,0.181,35.79,0.024,17.319,0.473,90.631,6.656,151.075,0.342,154.094,6.002
2010 May,0,2.557,0.162,36.822,0.024,18.357,0.475,94.103,5.588,155.532,0.371,158.46,6.297
2010 June,0,2.612,0.188,36.578,0.024,18.962,0.556,92.316,4.642,153.264,0.405,156.281,6.36
2010 July,0,2.893,0.211,37.446,0.024,18.964,0.523,95.452,5.905,158.526,0.413,161.831,6.477
2010 August,0,2.976,0.152,39.33,0.024,18.865,0.479,94.966,4.677,158.494,0.388,161.858,6.43
2010 September,0,2.585,0.214,37.304,0.024,17.899,0.489,90.531,5.454,151.914,0.366,154.865,6.173
2010 October,0,2.625,0.163,37.262,0.024,18.151,0.472,92.317,5.518,153.907,0.352,156.883,6.473
2010 November,0,3.122,0.116,35.278,0.024,17.158,0.447,87.221,6.138,146.382,0.362,149.866,6.226
2010 December,0,4.306,0.127,36.001,0.024,17.564,0.417,91.133,5.34,150.607,0.435,155.348,6.477
2011 January,0,4.622,0.123,34.057,0.025,17.095,0.464,85.774,6.099,143.637,0.424,148.682,5.89
2011 February,0,3.921,0.135,31.226,0.022,15.509,0.408,79.354,5.567,132.221,0.354,136.496,5.792
2011 March,0,3.554,0.191,37.036,0.025,17.579,0.56,90.126,4.999,150.516,0.371,154.441,6.405
2011 April,0,2.9,0.109,35.991,0.024,17.904,0.494,87.33,5.008,146.859,0.354,150.112,6.233
2011 May,0,2.645,0.196,37.989,0.025,18.076,0.456,90.13,5.195,152.068,0.364,155.077,6.761
2011 June,0,2.632,0.176,38.096,0.024,18.923,0.454,89.506,5.064,152.242,0.383,155.257,7.071
2011 July,0,3.009,0.2,37.789,0.025,18.704,0.444,92.764,3.26,153.186,0.4,156.595,6.622
2011 August,0,3.008,0.199,39.662,0.025,19.735,0.513,90.945,3.518,154.596,0.374,157.978,7.377
2011 September,0,2.626,0.133,36.575,0.024,17.401,0.453,86.706,5.267,146.559,0.352,149.537,6.647
2011 October,0,2.762,0.172,37.979,0.025,17.569,0.384,88.377,4.341,148.847,0.347,151.956,6.916
2011 November,0,3.224,0.123,35.672,0.024,17.404,0.45,84.349,4.328,142.349,0.333,145.906,6.86
2011 December,0,4.045,0.113,34.285,0.025,17.176,0.415,88.581,5.65,146.244,0.373,150.662,7.295
2012 January,0,4.48,0.133,32.115,0.024,16.607,0.451,83.735,5.232,138.297,0.351,143.127,6.012
2012 February,0,4.066,0.111,30.888,0.023,16.044,0.482,82.141,4.295,133.984,0.335,138.385,6.156
2012 March,0,3.448,0.152,33.793,0.024,17.536,0.41,87.588,4.875,144.377,0.302,148.128,6.839
2012 April,0,3.163,0.148,34.368,0.023,16.591,0.449,86.343,4.933,142.856,0.295,146.314,6.763
2012 May,0,3.03,0.182,36.243,0.024,17.884,0.453,91.627,3.67,150.083,0.323,153.436,7.193
2012 June,0,3.024,0.137,35.632,0.023,18.999,0.387,88.805,3.954,147.937,0.333,151.294,7.059
2012 July,0,3.349,0.217,36.564,0.024,18.642,0.398,90.091,5.252,151.189,0.373,154.911,6.777
2012 August,0,3.249,0.145,37.184,0.024,18.667,0.408,93.358,4.637,154.423,0.361,158.033,7.299
2012 September,0,2.918,0.153,34.982,0.023,16.928,0.382,84.693,4.313,141.474,0.334,144.725,6.352
2012 October,0,3.07,0.155,37.141,0.024,17.177,0.417,88.63,3.559,147.103,0.331,150.504,6.859
2012 November,0,3.511,0.107,34.341,0.023,16.969,0.436,83.857,3.616,139.35,0.331,143.192,6.318
2012 December,0,4.064,0.098,33.499,0.024,17.534,0.342,85.639,2.016,139.153,0.351,143.568,6.334
2013 January,0,5.209,0.119,33.04,0.033,16.644,0.473,84.786,3.654,138.749,0.361,144.319,6.349
2013 February,0,4.644,0.079,30.15,0.029,15.409,0.428,77.081,2.919,126.096,0.352,131.092,5.947
2013 March,0,4.551,0.125,33.83,0.033,17.689,0.471,87.771,5.377,145.297,0.355,150.202,6.983
2013 April,0,3.532,0.123,34.855,0.031,17.74,0.406,86.992,3.005,143.152,0.327,147.01,7.04
2013 May,0,3.134,0.162,36.885,0.033,18.526,0.477,91.73,2.794,150.606,0.334,154.075,7.381
2013 June,0,3.12,0.156,36.166,0.031,17.863,0.508,89.051,3.271,147.046,0.359,150.524,7.451
2013 July,0,3.45,0.175,37.514,0.033,19.631,0.454,93.064,4.26,155.13,0.37,158.95,7.382
2013 August,0,3.452,0.148,37.6,0.033,19.35,0.448,92.843,5.02,155.443,0.368,159.262,7.41
2013 September,0,3.161,0.111,34.981,0.031,17.406,0.429,87.888,4.386,145.232,0.341,148.734,7.458
2013 October,0,3.341,0.121,37.754,0.033,18.475,0.431,90.728,3.164,150.706,0.318,154.365,8.01
2013 November,0,4.17,0.152,34.29,0.031,17.559,0.359,87.67,4.272,144.333,0.317,148.82,7.468
2013 December,0,5.282,0.076,34.366,0.033,18.136,0.426,87.831,1.518,142.385,0.387,148.054,7.922
2014 January,0,4.875,0.104,35.01,0.041,17.323,0.389,84.03,2.376,139.273,0.409,144.557,6.702
2014 February,0,4.166,0.065,31.686,0.037,15.831,0.347,79.306,2.11,129.381,0.392,133.939,6.34
2014 March,0,3.882,0.128,35.831,0.041,18.196,0.539,88.58,1.559,144.874,0.358,149.113,7.046
2014 April,0,2.967,0.121,37.044,0.039,17.882,0.472,88.121,3.248,146.928,0.322,150.217,7.037
2014 May,0,2.736,0.142,38.197,0.041,17.779,0.481,91.707,2.67,151.017,0.345,154.097,7.495
2014 June,0,2.637,0.115,37.612,0.039,18.965,0.422,88.839,2.929,148.922,0.337,151.895,7.461
2014 July,0,2.839,0.189,39.427,0.041,19.791,0.511,94.03,2.965,156.955,0.364,160.157,7.663
2014 August,0,2.917,0.148,39.261,0.041,19.327,0.476,94.747,2.472,156.472,0.366,159.755,7.94
2014 September,0,2.729,0.121,36.499,0.039,18.207,0.518,86.77,3.231,145.386,0.329,148.445,7.443
2014 October,0,2.884,0.123,39.257,0.041,18.784,0.47,92.902,2.92,154.495,0.322,157.701,7.788
2014 November,0,3.566,0.111,34.758,0.039,18.137,0.493,87.616,4.038,145.194,0.344,149.104,7.493
2014 December,0,4.055,0.133,36.409,0.041,19.519,0.413,90.795,3.013,150.322,0.328,154.705,7.782
2015 January,0,4.511,0.086,35.566,0.053,17.461,0.569,85.834,3.186,142.755,0.353,147.62,6.459
2015 February,0,4.236,0.082,34.052,0.048,16.574,0.412,79.094,0.457,130.719,0.373,135.329,6.51
2015 March,0,3.75,0.095,37.401,0.053,19.656,0.566,89.951,3.181,150.903,0.329,154.981,7.294
2015 April,0,2.901,0.149,37.823,0.052,18.759,0.534,88.486,1.882,147.685,0.286,150.872,7.166
2015 May,0,2.686,0.145,38.131,0.053,19.289,0.591,91.84,2.846,152.895,0.311,155.892,7.929
2015 June,0,2.747,0.13,38.598,0.052,20.323,0.473,90.402,2.244,152.223,0.33,155.3,7.986
2015 July,0,2.99,0.192,40.301,0.053,20.955,0.581,94.021,3.934,160.037,0.357,163.384,8.004
2015 August,0,2.968,0.118,40.177,0.053,20.332,0.451,93.871,3.615,158.618,0.334,161.92,8.141
2015 September,0,2.747,0.115,38.517,0.052,18.848,0.458,89.126,3.13,150.245,0.314,153.306,7.862
2015 October,0,2.873,0.15,37.762,0.053,20.491,0.54,91.797,2.825,153.618,0.309,156.8,7.729
2015 November,0,3.254,0.097,33.796,0.052,18.722,0.374,87.405,3.546,143.993,0.289,147.535,7.351
2015 December,0,3.746,0.102,34.679,0.053,20.036,0.481,90.878,3.951,150.18,0.284,154.21,7.611
2016 January,0,4.509,0.08,33.831,0.063,18.401,0.504,85.997,3.623,142.498,0.327,147.334,6.991
2016 February,0,3.866,0.109,32.409,0.059,18.224,0.513,85.58,1.746,138.64,0.29,142.796,7.281
2016 March,0,3.437,0.104,36.803,0.063,19.636,0.529,93.103,4.553,154.792,0.248,158.477,7.834
2016 April,0,3.04,0.15,36.028,0.061,19.243,0.471,88.341,5.546,149.84,0.251,153.13,7.442
2016 May,0,2.87,0.121,37.33,0.063,20.033,0.49,93.496,4.022,155.555,0.264,158.689,8.346
2016 June,0,2.922,0.127,37.989,0.061,21.166,0.524,92.228,4.031,156.125,0.328,159.375,8.231
2016 July,0,3.192,0.13,37.781,0.063,21.838,0.425,95.049,5.139,160.425,0.35,163.967,8.806
2016 August,0,3.225,0.152,39.594,0.063,21.86,0.46,96.123,3.722,161.973,0.333,165.532,8.958
2016 September,0,2.846,0.113,36.925,0.061,20.092,0.45,91.146,2.909,151.696,0.316,154.858,8.414
2016 October,0,2.814,0.105,38.052,0.063,20.436,0.488,90.142,4.159,153.445,0.295,156.554,8.415
2016 November,0,3.154,0.12,35.095,0.061,20.057,0.435,88.548,3.649,147.965,0.271,151.39,8.386
2016 December,0,4.187,0.104,35.21,0.063,20.986,0.428,91.898,3.693,152.382,0.333,156.902,8.773
2017 January,0,4.543,0.101,33.064,0.066,20.166,0.503,84.357,6.963,145.22,0.323,150.087,7.168
2017 February,0,3.649,0.09,31.967,0.06,17.397,0.427,80.862,3.093,133.898,0.278,137.825,6.818
2017 March,0,3.931,0.11,37.348,0.066,21.278,0.53,92.749,3.999,156.08,0.283,160.294,7.957
2017 April,0,3.014,0.112,35.721,0.064,20.194,0.458,89.357,3.386,149.292,0.252,152.559,7.966
2017 May,0,2.953,0.126,38.657,0.066,21.189,0.486,94.839,4.492,159.855,0.266,163.074,8.723
2017 June,0,2.979,0.174,37.927,0.064,21.647,0.429,93.852,4.192,158.285,0.298,161.562,8.705
2017 July,0,3.336,0.137,38.671,0.066,22.011,0.429,95.423,3.542,160.279,0.323,163.937,8.499
2017 August,0,3.262,0.148,40.278,0.066,22.37,0.341,96.81,4.302,164.314,0.316,167.892,8.922
2017 September,0,2.989,0.102,37.578,0.064,19.988,0.41,90.061,3.602,151.806,0.286,155.08,8.194
2017 October,0,3.158,0.103,38.954,0.066,22.233,0.455,92.826,4.01,158.647,0.283,162.087,8.404
2017 November,0,3.655,0.112,36.52,0.064,20.707,0.439,87.199,4.827,149.868,0.277,153.8,8.228
2017 December,0,4.783,0.134,35.381,0.066,22.289,0.349,91.807,3.499,153.526,0.324,158.633,8.209
2018 January,0,5.662,0.103,36.187,0.067,19.909,0.388,86.868,2.704,146.226,0.36,152.248,7.733
2018 February,0,4.59,0.069,32.757,0.061,18.23,0.448,78.9,3.368,133.833,0.267,138.69,6.696
2018 March,0,4.733,0.141,38.654,0.067,21.659,0.487,94.139,2.917,158.065,0.259,163.058,8.039
2018 April,0,3.979,0.13,38.44,0.065,20.023,0.434,88.645,5.091,152.828,0.246,157.052,7.597
2018 May,0,3.476,0.133,41.484,0.067,21.388,0.378,94.125,3.688,161.264,0.26,165,8.659
2018 June,0,3.489,0.152,39.869,0.065,22.816,0.468,94.17,3.304,160.843,0.288,164.619,8.364
2018 July,0,3.97,0.176,41.794,0.067,22.512,0.471,95.617,4.357,164.995,0.313,169.278,8.504
2018 August,0,3.903,0.16,43.105,0.067,23.586,0.494,96.868,3.581,167.861,0.326,172.091,8.902
2018 September,0,3.632,0.099,39.38,0.065,20.932,0.353,88.082,4.189,153.1,0.297,157.03,7.752
2018 October,0,3.848,0.176,41.151,0.067,21.266,0.396,92.087,3.315,158.457,0.282,162.588,8.382
2018 November,0,4.573,0.077,37.231,0.065,21.577,0.419,89.118,4.16,152.648,0.292,157.512,8.007
2018 December,0,5.053,0.133,36.117,0.067,21.285,0.337,90.98,4.684,153.604,0.304,158.961,8.173
2019 January,0,6.509,0.093,36.643,0.067,20.581,0.416,87.234,3.853,148.887,0.306,155.702,7.281
2019 February,0,5.737,0.086,34.07,0.06,18.425,0.346,80.943,3.147,137.078,0.287,143.102,7.398
2019 March,0,5.557,0.136,38.475,0.067,21.728,0.356,91.157,2.711,154.629,0.287,160.474,7.995
2019 April,0,4.19,0.124,38.96,0.065,21.572,0.553,90.438,2.035,153.746,0.229,158.165,7.872
2019 May,0,4.036,0.162,41.123,0.067,22.512,0.39,93.943,2.273,160.47,0.247,164.754,8.631
2019 June,0,4.009,0.163,40.246,0.065,22.137,0.37,92.996,3.887,159.864,0.258,164.131,8.343
2019 July,0,4.531,0.185,41.5,0.067,23.45,0.473,94.492,4.255,164.421,0.294,169.246,8.467
2019 August,0,4.6,0.139,41.812,0.067,23.38,0.421,97.753,4.049,167.62,0.293,172.513,8.343
2019 September,0,4.165,0.156,39.393,0.065,20.918,0.342,88.282,3.657,152.812,0.291,157.269,7.772
2019 October,0,4.353,0.151,41.777,0.067,21.924,0.478,92.041,3.974,160.412,0.213,164.977,8.331
2019 November,0,5.262,0.13,37.895,0.065,21.022,0.373,87.992,2.397,149.873,0.264,155.398,8.04
2019 December,0,6,0.092,36.586,0.067,22.971,0.345,88.652,3.494,152.208,0.262,158.47,8.109
2020 January,0,6.391,0.129,34.863,0.046,21.238,0.446,85.663,2.873,145.258,0.257,151.906,7.745
2020 February,0,5.886,0.077,33.285,0.043,19.23,0.362,83.494,2.086,138.577,0.229,144.691,7.317
2020 March,0,5.224,0.124,36.889,0.046,17.619,0.285,77.003,0.945,132.912,0.213,138.349,6.586
2020 April,0,4.328,0.067,34.85,0.045,8.331,0.292,56.305,0.708,100.598,0.148,105.073,5.083
2020 May,0,3.983,0.146,36.065,0.046,7.58,0.294,70.725,0.546,115.404,0.159,119.547,6.713
2020 June,0,4.09,0.12,36.506,0.045,9.634,0.351,78.634,2.412,127.702,0.188,131.98,7.607
2020 July,0,4.738,0.137,38.855,0.046,12.285,0.398,83.269,4.345,139.336,0.243,144.317,7.808
2020 August,0,4.613,0.121,39.508,0.046,12.895,0.337,84.014,3.795,140.716,0.231,145.561,7.603
2020 September,0,4.131,0.128,37.128,0.045,11.317,0.361,81.326,3.909,134.214,0.211,138.556,7.617
2020 October,0,4.452,0.127,39.351,0.046,12.769,0.393,82.111,3.1,137.899,0.203,142.554,7.294
2020 November,0,4.691,0.117,35.846,0.045,13.879,0.357,75.883,2.412,128.537,0.201,133.429,7.376
2020 December,0,6.133,0.104,36.053,0.046,14.58,0.405,76.964,2.265,130.416,0.255,136.804,7.667
2021 January,0,7.126,0.124,34.816,0.052,14.36,0.408,76.527,2.954,129.242,0.232,136.601,6.359
2021 February,0,6.639,0.053,31.893,0.047,12.463,0.354,69.879,2.718,117.408,0.242,124.289,6.279
2021 March,0,5.622,0.099,37.716,0.052,14.602,0.346,84.336,3.505,140.657,0.194,146.472,7.767
2021 April,0,4.826,0.158,38.268,0.05,15.875,0.372,84.712,1.534,140.971,0.182,145.978,7.394
2021 May,0,4.488,0.099,39.817,0.052,16.4,0.382,89.498,3.286,149.535,0.187,154.21,8.23
2021 June,0,4.763,0.177,39.729,0.05,17.522,0.39,89.414,4.252,151.536,0.223,156.522,7.933
2021 July,0,5.137,0.114,40.505,0.052,19.062,0.389,91.738,4.454,156.315,0.251,161.703,8.208
2021 August,0,5.176,0.166,42.285,0.052,19.851,0.345,90.73,4.205,157.634,0.255,163.065,8.066
2021 September,0,4.533,0.15,39.266,0.05,18.244,0.323,85.391,4.105,147.528,0.214,152.275,7.558
2021 October,0,4.786,0.126,39.873,0.052,18.623,0.37,88.779,4.515,152.337,0.208,157.332,8.354
2021 November,0,5.705,0.108,38.13,0.05,18.517,0.385,85.979,5.092,148.261,0.187,154.153,7.942
2021 December,0,6.397,0.115,37.006,0.052,19.266,0.343,87.619,5.551,149.952,0.192,156.541,7.961
2022 January,0,7.834,0.079,35.794,0.052,18.008,0.447,79.513,3.27,137.164,0.241,145.238,7.007
2022 February,0,6.668,0.13,33.81,0.047,16.262,0.366,77.287,3.81,131.713,0.22,138.601,6.646
2022 March,0,6.049,0.156,38.749,0.052,19.299,0.494,88.891,4.858,152.499,0.203,158.751,7.912
2022 April,0,5.128,0.11,38.479,0.051,19.008,0.424,84.137,3.233,145.443,0.178,150.748,7.529
2022 May,0,4.863,0.096,40.104,0.052,20.202,0.401,90.01,4.244,155.11,0.199,160.172,7.937
2022 June,0,5.029,0.173,40.676,0.051,20.713,0.322,86.456,4.084,152.475,0.207,157.71,8.004
2022 July,0,5.606,0.098,41.004,0.052,20.347,0.165,86.975,4.072,152.714,0.244,158.565,7.745
2022 August,0,5.553,0.198,42.449,0.052,20.996,0.478,89.808,5.012,158.993,0.226,164.773,8.163
2022 September,0,4.955,0.119,40.088,0.051,18.851,0.34,84.592,6.008,150.049,0.215,155.219,7.425
2022 October,0,5.12,0.126,41.342,0.052,19.785,0.463,86.608,3.514,151.891,0.202,157.213,8.156
2022 November,0,6.005,0.137,38.048,0.051,19.468,0.37,84.072,4.577,146.723,0.207,152.935,7.951
2022 December,0,7.343,0.119,36.059,0.052,20.222,0.373,84.783,3.042,144.651,0.243,152.237,7.595
2023 January,0,7.067,0.062,34.844,0.052,19.169,0.417,81.523,3.55,139.618,0.206,146.891,7.608
2023 February,0,6.306,0.103,32.075,0.047,17.434,0.362,77.799,4.164,131.984,0.185,138.474,6.873
2023 March,0,6.453,0.135,38.263,0.052,20.393,0.203,88.855,3.116,151.019,0.194,157.666,8.121
2023 April,0,5.23,0.099,38.092,0.051,19.841,0.289,86.094,2.036,146.502,0.164,151.896,7.515
2023 May,0,5.021,0.151,40.326,0.052,21.243,0.346,89.815,2.807,154.74,0.178,159.939,8.375
2023 June,0,5.098,0.146,40.101,0.051,21.316,0.329,88.484,3.241,153.669,0.22,158.987,8.381
2023 July,0,5.743,0.157,40.678,0.052,22.471,0.335,89.014,3.299,156.008,0.264,162.015,8.081