Month,Coal,Natural Gas,Petroleum,Total Fossil Fuels,Biomass,Total Primary Energy,Electricity Sales to Ultimate Customers,End-Use Energy Consumed,Electrical System Energy Losses,Total Energy Consumed
1973 January,0,79.095,1425.71,1504.805,Not Available,1504.805,0.925,1505.729,1.906,1507.635
1973 February,0,71.616,1366.681,1438.298,Not Available,1438.298,0.871,1439.169,1.599,1440.768
1973 March,0.045,67.877,1493.371,1561.293,Not Available,1561.293,0.856,1562.149,1.669,1563.818
1973 April,0.294,61.814,1418.295,1480.403,Not Available,1480.403,0.811,1481.214,1.544,1482.758
1973 May,0.384,58.243,1563.488,1622.115,Not Available,1622.115,0.823,1622.938,1.707,1624.645
1973 June,0.339,51.674,1489.364,1541.377,Not Available,1541.377,0.846,1542.223,1.88,1544.103
1973 July,0.294,52.483,1532.195,1584.971,Not Available,1584.971,0.913,1585.884,2.048,1587.932
1973 August,0.316,53.291,1593.301,1646.908,Not Available,1646.908,0.897,1647.806,2.011,1649.816
1973 September,0.271,51.439,1451.733,1503.443,Not Available,1503.443,0.925,1504.368,1.737,1506.105
1973 October,0.271,57.535,1519.898,1577.704,Not Available,1577.704,0.893,1578.597,1.815,1580.412
1973 November,0.248,64.171,1517.118,1581.538,Not Available,1581.538,0.901,1582.439,1.827,1584.266
1973 December,0.158,73.502,1460.774,1534.434,Not Available,1534.434,0.87,1535.305,1.817,1537.122
1974 January,0,71.96,1366.135,1438.094,Not Available,1438.094,0.838,1438.932,1.651,1440.584
1974 February,0,66.28,1272.633,1338.913,Not Available,1338.913,0.77,1339.683,1.407,1341.09
1974 March,0.067,64.635,1415.834,1480.536,Not Available,1480.536,0.787,1481.322,1.578,1482.9
1974 April,0.224,54.567,1412.766,1467.557,Not Available,1467.557,0.772,1468.329,1.467,1469.796
1974 May,0.179,51.888,1505.195,1557.263,Not Available,1557.263,0.785,1558.047,1.691,1559.739
1974 June,0.135,46.435,1479.331,1525.901,Not Available,1525.901,0.778,1526.678,1.596,1528.275
1974 July,0.157,48.855,1530.038,1579.05,Not Available,1579.05,0.832,1579.882,1.94,1581.822
1974 August,0.202,48.726,1552.927,1601.854,Not Available,1601.854,0.849,1602.704,1.82,1604.524
1974 September,0.202,49.597,1406.682,1456.481,Not Available,1456.481,0.834,1457.314,1.512,1458.826
1974 October,0.179,55.051,1514.506,1569.737,Not Available,1569.737,0.804,1570.541,1.669,1572.21
1974 November,0.336,58.956,1447.928,1507.22,Not Available,1507.22,0.829,1508.049,1.766,1509.815
1974 December,0.112,67.894,1496.624,1564.631,Not Available,1564.631,0.844,1565.475,1.87,1567.345
1975 January,0.022,68.415,1473.13,1541.567,Not Available,1541.567,0.887,1542.454,1.835,1544.289
1975 February,0.022,59.012,1299.886,1358.921,Not Available,1358.921,0.826,1359.746,1.518,1361.264
1975 March,0,57.917,1458.773,1516.69,Not Available,1516.69,0.84,1517.53,1.68,1519.21
1975 April,0.067,47.934,1460.512,1508.513,Not Available,1508.513,0.785,1509.297,1.506,1510.803
1975 May,0.09,40.508,1502.723,1543.321,Not Available,1543.321,0.805,1544.126,1.71,1545.835
1975 June,0.067,38.256,1489.416,1527.739,Not Available,1527.739,0.802,1528.541,1.715,1530.256
1975 July,0.045,39.96,1517.672,1557.676,Not Available,1557.676,0.841,1558.517,1.875,1560.392
1975 August,0.045,41.664,1516.132,1557.841,Not Available,1557.841,0.85,1558.691,1.867,1560.558
1975 September,0.045,41.695,1449.343,1491.082,Not Available,1491.082,0.89,1491.973,1.58,1493.552
1975 October,0.067,46.99,1521.082,1568.14,Not Available,1568.14,0.856,1568.995,1.749,1570.744
1975 November,0.045,49.912,1392.123,1442.08,Not Available,1442.08,0.89,1442.969,1.793,1444.763
1975 December,0.022,62.36,1534.597,1596.979,Not Available,1596.979,0.88,1597.858,1.909,1599.767
1976 January,0,64.177,1466.796,1530.972,Not Available,1530.972,0.92,1531.892,1.933,1533.824
1976 February,0,54.288,1364.589,1418.877,Not Available,1418.877,0.847,1419.724,1.542,1421.265
1976 March,0,48.21,1556.697,1604.907,Not Available,1604.907,0.863,1605.77,1.769,1607.539
1976 April,0.023,42.243,1540.285,1582.55,Not Available,1582.55,0.779,1583.329,1.506,1584.835
1976 May,0.045,40.17,1525.021,1565.236,Not Available,1565.236,0.792,1566.028,1.61,1567.638
1976 June,0.023,37.397,1573.901,1611.321,Not Available,1611.321,0.777,1612.097,1.739,1613.836
1976 July,0.023,38.434,1610.585,1649.041,Not Available,1649.041,0.847,1649.888,1.883,1651.771
1976 August,0.023,36.893,1569.914,1606.829,Not Available,1606.829,0.843,1607.672,1.804,1609.476
1976 September,0.045,36.472,1543.452,1579.969,Not Available,1579.969,0.886,1580.855,1.64,1582.494
1976 October,0.045,45.409,1554.012,1599.466,Not Available,1599.466,0.817,1600.283,1.695,1601.978
1976 November,0.023,52.523,1546.232,1598.778,Not Available,1598.778,0.839,1599.617,1.837,1601.454
1976 December,0.023,62.525,1656.242,1718.789,Not Available,1718.789,0.851,1719.64,1.906,1721.546
1977 January,0,66.928,1513.713,1580.641,Not Available,1580.641,0.928,1581.569,2.118,1583.687
1977 February,0,50.495,1475.331,1525.826,Not Available,1525.826,0.854,1526.679,1.573,1528.252
1977 March,0,47.686,1609.075,1656.761,Not Available,1656.761,0.911,1657.672,1.894,1659.566
1977 April,0.022,40.012,1598.692,1638.726,Not Available,1638.726,0.803,1639.529,1.621,1641.15
1977 May,0.022,38.344,1580.064,1618.43,Not Available,1618.43,0.831,1619.26,1.893,1621.153
1977 June,0.045,37.065,1638.552,1675.661,Not Available,1675.661,0.829,1676.49,1.909,1678.4
1977 July,0.022,36.842,1630.154,1667.019,Not Available,1667.019,0.877,1667.896,2.078,1669.974
1977 August,0.022,37.926,1675.674,1713.623,Not Available,1713.623,0.863,1714.486,1.931,1716.416
1977 September,0.022,39.679,1605.498,1645.199,Not Available,1645.199,0.88,1646.079,1.753,1647.832
1977 October,0.022,42.209,1624.746,1666.977,Not Available,1666.977,0.885,1667.862,1.783,1669.645
1977 November,0.022,46.991,1599.934,1646.948,Not Available,1646.948,0.871,1647.819,1.877,1649.695
1977 December,0,58.614,1691.857,1750.471,Not Available,1750.471,0.898,1751.368,2.039,1753.407
1978 January,0,65.407,1581.673,1647.08,Not Available,1647.08,0.902,1647.982,2.024,1650.006
1978 February,0,58.735,1516.615,1575.349,Not Available,1575.349,0.86,1576.21,1.696,1577.906
1978 March,0,52.666,1709.551,1762.218,Not Available,1762.218,0.827,1763.045,1.699,1764.744
1978 April,0,42.26,1627.321,1669.581,Not Available,1669.581,0.734,1670.315,1.445,1671.76
1978 May,0,37.894,1747.143,1785.037,Not Available,1785.037,0.766,1785.803,1.688,1787.49
1978 June,0,34.296,1707.998,1742.294,Not Available,1742.294,0.799,1743.093,1.783,1744.877
1978 July,0,36.602,1685.508,1722.111,Not Available,1722.111,0.872,1722.983,1.978,1724.96
1978 August,0,35.285,1764.95,1800.235,Not Available,1800.235,0.841,1801.076,1.898,1802.974
1978 September,0,33.912,1620.611,1654.523,Not Available,1654.523,0.881,1655.405,1.703,1657.108
1978 October,0,39.541,1695.278,1734.818,Not Available,1734.818,0.822,1735.64,1.666,1737.306
1978 November,0,45.527,1676.734,1722.261,Not Available,1722.261,0.868,1723.129,1.886,1725.015
1978 December,0,56.813,1710.511,1767.324,Not Available,1767.324,0.854,1768.178,1.94,1770.117
1979 January,0,73.326,1662.158,1735.484,Not Available,1735.484,0.936,1736.42,2.116,1738.536
1979 February,0,66.616,1602.171,1668.787,Not Available,1668.787,0.855,1669.642,1.693,1671.335
1979 March,0,56.853,1776.287,1833.141,Not Available,1833.141,0.835,1833.975,1.655,1835.63
1979 April,0,48.179,1602.661,1650.84,Not Available,1650.84,0.776,1651.616,1.504,1653.12
1979 May,0,43.192,1695.68,1738.872,Not Available,1738.872,0.779,1739.651,1.622,1741.273
1979 June,0,39.565,1635.445,1675.01,Not Available,1675.01,0.789,1675.799,1.704,1677.503
1979 July,0,40.199,1619.12,1659.318,Not Available,1659.318,0.827,1660.146,1.895,1662.041
1979 August,0,40.562,1703.201,1743.763,Not Available,1743.763,0.879,1744.642,1.941,1746.583
1979 September,0,40.169,1589.046,1629.215,Not Available,1629.215,0.89,1630.104,1.726,1631.83
1979 October,0,47.06,1688.244,1735.304,Not Available,1735.304,0.852,1736.155,1.816,1737.972
1979 November,0,53.438,1589.428,1642.866,Not Available,1642.866,0.853,1643.719,1.815,1645.534
1979 December,0,62.626,1662.057,1724.684,Not Available,1724.684,0.847,1725.531,1.857,1727.388
1980 January,0,72.704,1606.771,1679.475,Not Available,1679.475,0.996,1680.471,2.151,1682.622
1980 February,0,69.632,1556.116,1625.748,Not Available,1625.748,0.926,1626.675,1.865,1628.54
1980 March,0,67.584,1619.965,1687.549,Not Available,1687.549,0.905,1688.454,1.853,1690.307
1980 April,0,50.176,1625,1675.176,Not Available,1675.176,0.839,1676.015,1.599,1677.615
1980 May,0,44.032,1609.23,1653.262,Not Available,1653.262,0.872,1654.134,1.857,1655.99
1980 June,0,40.96,1546.526,1587.486,Not Available,1587.486,0.861,1588.347,1.918,1590.265
1980 July,0,41.984,1599.663,1641.647,Not Available,1641.647,0.933,1642.58,2.223,1644.803
1980 August,0,41.984,1556.031,1598.015,Not Available,1598.015,0.941,1598.955,2.091,1601.046
1980 September,0,41.984,1549.549,1591.533,Not Available,1591.533,0.987,1592.52,1.913,1594.433
1980 October,0,50.176,1626.462,1676.638,Not Available,1676.638,0.927,1677.565,1.908,1679.473
1980 November,0,57.344,1484.075,1541.419,Not Available,1541.419,0.911,1542.33,1.972,1544.302
1980 December,0,69.632,1629.879,1699.511,Not Available,1699.511,0.971,1700.482,2.128,1702.61
1981 January,0,76.875,1627.29,1704.165,0.571,1704.736,0.969,1705.706,2.014,1707.72
1981 February,0,64.575,1442.25,1506.825,0.516,1507.341,0.91,1508.25,1.649,1509.899
1981 March,0,64.575,1573.824,1638.399,0.571,1638.97,0.902,1639.872,1.866,1641.738
1981 April,0,50.225,1541.677,1591.902,0.553,1592.455,0.842,1593.296,1.704,1595
1981 May,0,48.175,1568.869,1617.044,0.571,1617.615,0.87,1618.484,1.849,1620.333
1981 June,0,44.075,1603.412,1647.487,0.553,1648.04,0.869,1648.909,1.956,1650.865
1981 July,0,44.075,1626.641,1670.716,0.571,1671.287,0.914,1672.2,2.025,1674.225
1981 August,0,44.075,1588.896,1632.971,0.571,1633.542,0.917,1634.459,1.928,1636.387
1981 September,0,43.05,1550.128,1593.178,0.553,1593.731,0.919,1594.65,1.772,1596.422
1981 October,0,51.25,1562.499,1613.749,0.571,1614.32,0.901,1615.221,1.854,1617.075
1981 November,0,55.35,1498.831,1554.181,0.553,1554.734,0.916,1555.65,1.897,1557.547
1981 December,0,70.725,1628.391,1699.116,0.571,1699.687,0.943,1700.63,2.067,1702.697
1982 January,0,81.054,1486.412,1567.466,1.553,1569.019,1.019,1570.038,2.179,1572.217
1982 February,0,67.716,1421.451,1489.167,1.403,1490.569,0.957,1491.526,1.723,1493.249
1982 March,0,62.586,1565.857,1628.443,1.553,1629.996,0.933,1630.929,1.854,1632.783
1982 April,0,50.274,1595.364,1645.638,1.503,1647.141,0.879,1648.02,1.686,1649.706
1982 May,0,38.988,1567.292,1606.28,1.553,1607.833,0.897,1608.73,1.891,1610.621
1982 June,0,37.962,1560.432,1598.394,1.503,1599.897,0.87,1600.767,1.828,1602.595
1982 July,0,38.988,1569.536,1608.524,1.553,1610.077,0.904,1610.981,2.071,1613.052
1982 August,0,38.988,1549.712,1588.7,1.553,1590.253,0.875,1591.128,1.868,1592.997
1982 September,0,38.988,1504.202,1543.19,1.503,1544.693,0.925,1545.618,1.81,1547.428
1982 October,0,44.118,1518.004,1562.122,1.553,1563.675,0.911,1564.586,1.877,1566.463
1982 November,0,53.352,1528.362,1581.714,1.503,1583.217,0.916,1584.132,1.919,1586.051
1982 December,0,59.508,1555.386,1614.894,1.553,1616.447,0.916,1617.363,1.915,1619.279
1983 January,0,52.529,1450.997,1503.526,2.864,1506.39,1.146,1507.536,2.344,1509.88
1983 February,0,42.023,1325.614,1367.637,2.587,1370.224,1.093,1371.318,1.919,1373.236
1983 March,0,43.933,1625.711,1669.645,2.864,1672.509,1.089,1673.598,2.179,1675.777
1983 April,0,39.158,1496.286,1535.444,2.772,1538.215,0.995,1539.21,1.844,1541.054
1983 May,0,40.113,1572.564,1612.677,2.864,1615.541,0.982,1616.524,1.991,1618.514
1983 June,0,40.113,1596.455,1636.568,2.772,1639.34,0.984,1640.324,2.066,1642.39
1983 July,0,42.023,1576.384,1618.408,2.864,1621.271,1.067,1622.338,2.381,1624.719
1983 August,0,41.068,1620.082,1661.15,2.864,1664.014,1.088,1665.101,2.363,1667.465
1983 September,0,38.203,1562.312,1600.515,2.772,1603.287,1.1,1604.386,1.988,1606.374
1983 October,0,40.113,1573.624,1613.737,2.864,1616.601,1.026,1617.627,2.044,1619.672
1983 November,0,40.113,1536.751,1576.864,2.772,1579.636,1.037,1580.672,2.116,1582.788
1983 December,0,45.843,1658.421,1704.264,2.864,1707.128,1.069,1708.197,2.397,1710.595
1984 January,0,56.624,1558.063,1614.687,3.495,1618.182,1.273,1619.455,2.495,1621.95
1984 February,0,45.299,1426.402,1471.701,3.27,1474.971,1.168,1476.139,2.094,1478.233
1984 March,0,47.358,1592.102,1639.46,3.495,1642.955,1.205,1644.161,2.384,1646.545
1984 April,0,42.21,1576.951,1619.162,3.382,1622.544,1.107,1623.651,2.017,1625.669
1984 May,0,43.24,1647.562,1690.801,3.495,1694.297,1.145,1695.442,2.315,1697.757
1984 June,0,43.24,1616.12,1659.36,3.382,1662.742,1.172,1663.915,2.475,1666.39
1984 July,0,45.299,1629.222,1674.521,3.495,1678.016,1.223,1679.239,2.563,1681.803
1984 August,0,44.269,1675.55,1719.819,3.495,1723.315,1.238,1724.552,2.681,1727.234
1984 September,0,41.181,1543.308,1584.488,3.382,1587.871,1.184,1589.055,2.172,1591.227
1984 October,0,43.24,1617.736,1660.976,3.495,1664.472,1.176,1665.647,2.366,1668.013
1984 November,0,43.24,1569.044,1612.284,3.382,1615.666,1.194,1616.861,2.436,1619.296
1984 December,0,49.417,1570.699,1620.116,3.495,1623.611,1.206,1624.817,2.451,1627.268
1985 January,0,55.648,1583.221,1638.869,4.224,1643.093,1.209,1644.302,2.623,1646.925
1985 February,0,47.404,1449.649,1497.053,3.816,1500.869,1.172,1502.041,2.055,1504.096
1985 March,0,43.282,1627.054,1670.336,4.224,1674.56,1.143,1675.703,2.224,1677.927
1985 April,0,40.19,1638.343,1678.534,4.088,1682.622,1.172,1683.794,2.197,1685.991
1985 May,0,41.221,1685.444,1726.665,4.224,1730.889,1.148,1732.037,2.375,1734.412
1985 June,0,39.16,1614.05,1653.21,4.088,1657.298,1.139,1658.437,2.377,1660.814
1985 July,0,41.221,1671.677,1712.898,4.224,1717.122,1.187,1718.309,2.621,1720.93
1985 August,0,40.19,1723.561,1763.752,4.224,1767.976,1.21,1769.186,2.579,1771.765
1985 September,0,38.129,1550.654,1588.783,4.088,1592.871,1.208,1594.079,2.227,1596.306
1985 October,0,40.19,1668.035,1708.225,4.224,1712.45,1.148,1713.598,2.323,1715.92
1985 November,0,40.19,1592.577,1632.767,4.088,1636.855,1.208,1638.063,2.455,1640.518
1985 December,0,52.557,1668.118,1720.675,4.224,1724.899,1.204,1726.104,2.581,1728.685
1986 January,0,51.882,1595.618,1647.5,4.878,1652.378,1.308,1653.686,2.577,1656.264
1986 February,0,44.619,1455.968,1500.587,4.406,1504.993,1.239,1506.232,2.225,1508.457
1986 March,0,43.581,1692.115,1735.697,4.878,1740.575,1.234,1741.809,2.312,1744.121
1986 April,0,37.355,1677.238,1714.593,4.721,1719.314,1.133,1720.447,2.11,1722.557
1986 May,0,39.431,1722.092,1761.522,4.878,1766.4,1.228,1767.629,2.532,1770.161
1986 June,0,38.393,1688.318,1726.711,4.721,1731.432,1.241,1732.672,2.564,1735.236
1986 July,0,39.431,1773.254,1812.684,4.878,1817.562,1.36,1818.922,2.988,1821.91
1986 August,0,39.431,1781.959,1821.39,4.878,1826.268,1.309,1827.577,2.614,1830.191
1986 September,0,37.355,1623.86,1661.216,4.721,1665.936,1.292,1667.228,2.478,1669.706
1986 October,0,39.431,1743.04,1782.47,4.878,1787.349,1.268,1788.617,2.44,1791.057
1986 November,0,39.431,1645.096,1684.526,4.721,1689.247,1.129,1690.376,2.342,1692.719
1986 December,0,48.769,1784.858,1833.627,4.878,1838.505,1.316,1839.821,2.664,1842.485
1987 January,0,54.872,1655.68,1710.552,5.612,1716.164,1.333,1717.496,2.688,1720.184
1987 February,0,46.59,1561.023,1607.613,5.068,1612.681,1.283,1613.964,2.288,1616.252
1987 March,0,45.554,1716.76,1762.315,5.612,1767.926,1.258,1769.185,2.448,1771.632
1987 April,0,43.484,1731.056,1774.54,5.431,1779.97,1.228,1781.199,2.333,1783.531
1987 May,0,43.484,1775.987,1819.471,5.612,1825.083,1.264,1826.346,2.625,1828.972
1987 June,0,41.413,1760.073,1801.486,5.431,1806.917,1.31,1808.226,2.782,1811.009
1987 July,0,39.342,1831.187,1870.53,5.612,1876.141,1.36,1877.501,2.921,1880.422
1987 August,0,41.413,1780.002,1821.415,5.612,1827.027,1.374,1828.401,2.838,1831.239
1987 September,0,39.342,1726.655,1765.997,5.431,1771.428,1.305,1772.733,2.405,1775.138
1987 October,0,42.448,1805.772,1848.221,5.612,1853.832,1.279,1855.111,2.487,1857.598
1987 November,0,44.519,1675.449,1719.968,5.431,1725.398,1.273,1726.672,2.59,1729.262
1987 December,0,52.802,1797.821,1850.623,5.612,1856.235,1.3,1857.535,2.725,1860.26
1988 January,0,64.818,1739.675,1804.492,5.685,1810.178,1.331,1811.509,2.683,1814.192
1988 February,0,56.587,1703.923,1760.51,5.319,1765.828,1.315,1767.143,2.461,1769.604
1988 March,0,54.529,1858.174,1912.703,5.685,1918.388,1.272,1919.66,2.518,1922.178
1988 April,0,47.327,1785.366,1832.694,5.502,1838.196,1.235,1839.431,2.367,1841.798
1988 May,0,50.414,1785.829,1836.243,5.685,1841.929,1.245,1843.174,2.6,1845.774
1988 June,0,48.356,1826.931,1875.287,5.502,1880.789,1.343,1882.131,2.91,1885.041
1988 July,0,50.414,1802.641,1853.055,5.685,1858.741,1.402,1860.142,3.07,1863.212
1988 August,0,50.414,1836.251,1886.665,5.685,1892.35,1.425,1893.776,3.06,1896.836
1988 September,0,48.356,1765.268,1813.624,5.502,1819.126,1.385,1820.511,2.538,1823.049
1988 October,0,50.414,1830.692,1881.106,5.685,1886.791,1.35,1888.142,2.662,1890.803
1988 November,0,52.471,1771.083,1823.555,5.502,1829.057,1.287,1830.344,2.577,1832.92
1988 December,0,57.616,1861.959,1919.575,5.685,1925.26,1.341,1926.601,2.8,1929.401
1989 January,0,58.759,1750.998,1809.757,5.783,1815.54,1.358,1816.898,2.74,1819.638
1989 February,0,58.759,1638.2,1696.96,5.223,1702.183,1.285,1703.468,2.579,1706.047
1989 March,0,55.667,1865.806,1921.473,5.783,1927.256,1.338,1928.594,2.719,1931.313
1989 April,0,50.512,1746.786,1797.299,5.597,1802.895,1.268,1804.163,2.472,1806.635
1989 May,0,52.574,1823.663,1876.237,5.783,1882.02,1.301,1883.321,2.766,1886.087
1989 June,0,51.543,1851.219,1902.763,5.597,1908.359,1.386,1909.745,2.907,1912.653
1989 July,0,51.543,1810.707,1862.251,5.783,1868.034,1.436,1869.469,3.168,1872.638
1989 August,0,51.543,1893.229,1944.772,5.783,1950.556,1.438,1951.993,3.126,1955.12
1989 September,0,49.482,1737.808,1787.29,5.597,1792.887,1.398,1794.285,2.681,1796.966
1989 October,0,50.512,1875.853,1926.366,5.783,1932.149,1.357,1933.506,2.802,1936.307
1989 November,0,51.543,1791.193,1842.737,5.597,1848.333,1.321,1849.654,2.781,1852.436
1989 December,0,67.006,1921.773,1988.779,5.783,1994.562,1.39,1995.952,3.183,1999.135
1990 January,0,78.819,1779.204,1858.023,5.132,1863.155,1.367,1864.521,2.613,1867.135
1990 February,0,67.732,1678.004,1745.736,4.635,1750.371,1.291,1751.662,2.473,1754.136
1990 March,0,65.792,1850.923,1916.715,5.132,1921.847,1.29,1923.136,2.639,1925.775
1990 April,0,58.228,1751.943,1810.17,4.966,1815.136,1.264,1816.4,2.514,1818.914
1990 May,0,49.692,1863.064,1912.756,5.132,1917.887,1.337,1919.224,2.835,1922.06
1990 June,0,45.642,1800.205,1845.847,4.966,1850.813,1.385,1852.198,3.06,1855.257
1990 July,0,45.065,1842.506,1887.571,5.132,1892.703,1.522,1894.225,3.297,1897.522
1990 August,0,46.068,1956.474,2002.542,5.132,2007.674,1.481,2009.155,3.28,2012.435
1990 September,0,45.01,1705.888,1750.898,4.966,1755.864,1.42,1757.284,2.762,1760.046
1990 October,0,49.699,1836.425,1886.124,5.132,1891.255,1.348,1892.604,2.743,1895.346
1990 November,0,55.908,1772.486,1828.394,4.966,1833.361,1.255,1834.616,2.518,1837.134
1990 December,0,71.574,1788.809,1860.383,5.132,1865.515,1.251,1866.766,2.702,1869.468
1991 January,0,76.079,1732.888,1808.967,5.953,1814.92,1.33,1816.25,2.734,1818.984
1991 February,0,63.101,1587.427,1650.528,5.377,1655.906,1.249,1657.155,2.286,1659.441
1991 March,0,60.341,1795.933,1856.274,5.953,1862.227,1.255,1863.482,2.553,1866.036
1991 April,0,50.196,1728.077,1778.272,5.761,1784.034,1.279,1785.312,2.493,1787.805
1991 May,0,43.105,1797.546,1840.65,5.953,1846.604,1.409,1848.013,3.033,1851.046
1991 June,0,38.461,1808.09,1846.551,5.761,1852.312,1.43,1853.742,2.999,1856.742
1991 July,0,41.355,1856.715,1898.07,5.953,1904.023,1.493,1905.516,3.263,1908.779
1991 August,0,41.03,1881.843,1922.874,5.953,1928.827,1.512,1930.339,3.241,1933.58
1991 September,0,39.565,1747.187,1786.752,5.761,1792.513,1.426,1793.939,2.714,1796.653
1991 October,0,45.806,1854.257,1900.063,5.953,1906.016,1.288,1907.304,2.623,1909.927
1991 November,0,55.211,1735.685,1790.896,5.761,1796.657,1.255,1797.913,2.585,1800.498
1991 December,0,66.074,1848.789,1914.862,5.953,1920.815,1.311,1922.126,2.715,1924.841
1992 January,0,70.594,1762.615,1833.209,6.754,1839.963,1.319,1841.283,2.731,1844.014
1992 February,0,64.097,1681.168,1745.265,6.319,1751.584,1.282,1752.866,2.439,1755.305
1992 March,0,60.492,1807.371,1867.864,6.754,1874.618,1.288,1875.906,2.627,1878.534
1992 April,0,52.599,1775.051,1827.65,6.537,1834.186,1.272,1835.458,2.518,1837.976
1992 May,0,43.724,1840.834,1884.558,6.754,1891.312,1.327,1892.639,2.74,1895.379
1992 June,0,38.732,1787.661,1826.393,6.537,1832.929,1.35,1834.279,2.886,1837.165
1992 July,0,40.212,1869.23,1909.442,6.754,1916.196,1.433,1917.63,3.188,1920.818
1992 August,0,38.719,1863.001,1901.72,6.754,1908.474,1.422,1909.896,3.001,1912.897
1992 September,0,38.246,1754.824,1793.071,6.537,1799.607,1.442,1801.049,2.887,1803.936
1992 October,0,41.995,1872.904,1914.899,6.754,1921.654,1.326,1922.98,2.638,1925.618
1992 November,0,52.058,1748.091,1800.15,6.537,1806.686,1.275,1807.961,2.631,1810.592
1992 December,0,66.639,1912.177,1978.815,6.754,1985.57,1.319,1986.889,2.784,1989.673
1993 January,0,73.728,1693.77,1767.498,7.396,1774.894,1.344,1776.237,2.752,1778.989
1993 February,0,70.101,1636.205,1706.305,7.368,1713.674,1.314,1714.987,2.559,1717.547
1993 March,0,68.861,1843.994,1912.855,8.445,1921.3,1.311,1922.611,2.645,1925.256
1993 April,0,53.538,1798.765,1852.304,7.119,1859.423,1.273,1860.695,2.416,1863.111
1993 May,0,40.674,1871.083,1911.757,7.03,1918.787,1.27,1920.057,2.584,1922.641
1993 June,0,40.469,1818.442,1858.911,7.286,1866.198,1.371,1867.568,2.944,1870.513
1993 July,0,42.348,1875.503,1917.851,7.509,1925.36,1.415,1926.775,3.12,1929.895
1993 August,0,42.901,1883.556,1926.457,5.902,1932.36,1.449,1933.809,3.146,1936.954
1993 September,0,39.998,1830.345,1870.342,7.854,1878.196,1.445,1879.641,2.733,1882.374
1993 October,0,46.959,1866.944,1913.904,8.175,1922.079,1.402,1923.48,2.823,1926.303
1993 November,0,56.234,1837.571,1893.804,9.921,1903.726,1.321,1905.047,2.771,1907.817
1993 December,0,68.29,1923.728,1992.019,9.655,2001.674,1.366,2003.039,2.86,2005.899
1994 January,0,88.177,1769.334,1857.511,10.16,1867.671,1.438,1869.109,2.988,1872.097
1994 February,0,80.485,1702.138,1782.623,7.98,1790.603,1.385,1791.988,2.579,1794.567
1994 March,0,70.468,1866.393,1936.86,9.073,1945.934,1.372,1947.306,2.767,1950.073
1994 April,0,55.961,1856.005,1911.966,8.062,1920.028,1.321,1921.349,2.569,1923.918
1994 May,0,47.203,1904.687,1951.891,8.254,1960.144,1.323,1961.468,2.77,1964.238
1994 June,0,46.785,1886.153,1932.937,7.341,1940.279,1.468,1941.747,3.23,1944.977
1994 July,0,46.527,1914.946,1961.473,7.816,1969.289,1.525,1970.814,3.232,1974.046
1994 August,0,47.437,2004.044,2051.482,8.691,2060.173,1.509,2061.681,3.239,2064.921
1994 September,0,45.67,1842.702,1888.372,6.918,1895.29,1.469,1896.759,2.828,1899.587
1994 October,0,49.653,1912.293,1961.945,10.447,1972.392,1.431,1973.823,2.897,1976.72
1994 November,0,58.325,1827.636,1885.96,9.538,1895.498,1.381,1896.88,2.847,1899.727
1994 December,0,71.849,1963.841,2035.69,10.559,2046.25,1.417,2047.667,2.919,2050.586
1995 January,0,81.566,1836.423,1917.989,9.237,1927.226,1.412,1928.638,2.839,1931.476
1995 February,0,75.018,1711.59,1786.608,8.42,1795.028,1.362,1796.39,2.519,1798.909
1995 March,0,70.856,1948.879,2019.735,10.344,2030.079,1.366,2031.445,2.69,2034.135
1995 April,0,59.722,1847.032,1906.754,9.554,1916.308,1.308,1917.616,2.576,1920.192
1995 May,0,52.12,1950,2002.12,8.003,2010.123,1.325,2011.448,2.78,2014.228
1995 June,0,46.191,1973.93,2020.121,10.163,2030.284,1.423,2031.707,2.929,2034.636
1995 July,0,49.692,1918.734,1968.426,7.579,1976.005,1.479,1977.484,3.315,1980.799
1995 August,0,51.517,1996.759,2048.277,6.267,2054.544,1.525,2056.069,3.392,2059.461
1995 September,0,46.115,1917.117,1963.232,8.461,1971.693,1.544,1973.237,2.94,1976.178
1995 October,0,49.289,1965.762,2015.051,11.239,2026.29,1.436,2027.726,2.878,2030.603
1995 November,0,63.307,1903.435,1966.743,13.139,1979.882,1.392,1981.274,2.805,1984.079
1995 December,0,78.558,1950.522,2029.08,10.084,2039.164,1.401,2040.565,2.891,2043.456
1996 January,0,87.548,1884.889,1972.437,10.006,1982.443,1.407,1983.85,2.774,1986.624
1996 February,0,79.303,1812.711,1892.015,8.762,1900.777,1.37,1902.147,2.528,1904.675
1996 March,0,74.682,1960.676,2035.358,8.595,2043.953,1.339,2045.292,2.592,2047.884
1996 April,0,61.243,1929.376,1990.619,6.805,1997.424,1.307,1998.731,2.471,2001.202
1996 May,0,52.389,2029.065,2081.454,5.906,2087.36,1.353,2088.713,2.922,2091.634
1996 June,0,48.182,1952.719,2000.901,4.297,2005.198,1.411,2006.61,2.952,2009.562
1996 July,0,47.457,2034.848,2082.305,4.127,2086.432,1.441,2087.872,3.123,2090.995
1996 August,0,48.465,2087.674,2136.139,5.151,2141.291,1.48,2142.771,3.165,2145.937
1996 September,0,46.267,1893.261,1939.528,4.779,1944.307,1.542,1945.849,2.979,1948.829
1996 October,0,50.852,2081.709,2132.561,6.894,2139.455,1.402,2140.857,2.853,2143.71
1996 November,0,63.769,1924.038,1987.807,7.847,1995.653,1.357,1997.01,2.815,1999.825
1996 December,0,76.73,1956.036,2032.766,7.491,2040.257,1.388,2041.645,2.793,2044.438
1997 January,0,90.419,1888.031,1978.451,7.51,1985.96,1.397,1987.357,2.726,1990.084
1997 February,0,80.672,1778.503,1859.175,7.936,1867.111,1.34,1868.451,2.357,1870.809
1997 March,0,75.421,1973.292,2048.713,8.69,2057.402,1.289,2058.692,2.532,2061.224
1997 April,0,63.789,1991.087,2054.876,7.84,2062.716,1.289,2064.006,2.446,2066.452
1997 May,0,56.002,2047.143,2103.145,8.117,2111.261,1.309,2112.571,2.704,2115.274
1997 June,0,51.09,1989.162,2040.252,6.804,2047.055,1.39,2048.445,2.916,2051.361
1997 July,0,54.272,2100.102,2154.374,9.276,2163.65,1.494,2165.144,3.313,2168.457
1997 August,0,53.57,2051.577,2105.146,7.049,2112.195,1.483,2113.678,3.183,2116.861
1997 September,0,50.678,1946.147,1996.825,7.912,2004.736,1.522,2006.259,3.018,2009.277
1997 October,0,53.95,2050.359,2104.308,11.012,2115.32,1.485,2116.805,2.914,2119.719
1997 November,0,67.286,1945.588,2012.874,8.618,2021.492,1.372,2022.864,2.768,2025.633
1997 December,0,83.164,2024.853,2108.017,11.203,2119.22,1.372,2120.592,2.85,2123.442
1998 January,0,75.937,1960.14,2036.077,10.568,2046.645,1.398,2048.042,2.761,2050.803
1998 February,0,66.746,1789.223,1855.97,8.535,1864.505,1.271,1865.776,2.307,1868.083
1998 March,0,66.873,2010.179,2077.052,9.772,2086.824,1.333,2088.157,2.692,2090.849
1998 April,0,53.341,2072.461,2125.802,8.481,2134.283,1.287,2135.57,2.491,2138.061
1998 May,0,46.574,2036.353,2082.927,7.562,2090.489,1.36,2091.849,2.99,2094.839
1998 June,0,45.407,2035.399,2080.806,8.163,2088.969,1.437,2090.406,3.143,2093.549
1998 July,0,48.977,2149.902,2198.879,8.566,2207.445,1.455,2208.9,3.229,2212.128
1998 August,0,49.302,2112.14,2161.442,9.133,2170.575,1.533,2172.108,3.297,2175.406
1998 September,0,45.881,2015.363,2061.244,9.393,2070.637,1.593,2072.23,3.187,2075.417
1998 October,0,46.019,2112.112,2158.131,10.779,2168.91,1.434,2170.345,2.839,2173.183
1998 November,0,53.805,1991.424,2045.229,9.605,2054.834,1.444,2056.278,2.818,2059.096
1998 December,0,67.235,2105.793,2173.028,12.286,2185.314,1.384,2186.698,2.851,2189.549
1999 January,0,79.739,1965.387,2045.127,10.305,2055.432,1.421,2056.853,2.893,2059.746
1999 February,0,66.914,1830.958,1897.872,8.645,1906.517,1.354,1907.871,2.645,1910.515
1999 March,0,68.053,2083.459,2151.513,9.221,2160.734,1.397,2162.131,2.88,2165.012
1999 April,0,55.916,2043.953,2099.869,8.511,2108.38,1.347,2109.727,2.801,2112.528
1999 May,0,46.77,2127.45,2174.22,8.57,2182.79,1.415,2184.205,3.134,2187.338
1999 June,0,44.219,2108.79,2153.009,9.42,2162.429,1.485,2163.914,3.224,2167.138
1999 July,0,47.53,2172.352,2219.882,8.055,2227.937,1.632,2229.569,3.657,2233.226
1999 August,0,48.949,2190.069,2239.018,9.228,2248.246,1.565,2249.811,3.396,2253.206
1999 September,0,45.274,2044.43,2089.704,9.249,2098.953,1.568,2100.521,2.976,2103.497
1999 October,0,49.023,2185.375,2234.398,11.485,2245.882,1.501,2247.384,2.963,2250.346
1999 November,0,53.478,2051.582,2105.059,11.804,2116.863,1.425,2118.287,2.823,2121.111
1999 December,0,69.47,2261.83,2331.3,13.302,2344.602,1.382,2345.985,2.781,2348.766
2000 January,0,75.412,1985.686,2061.098,11.348,2072.446,1.487,2073.933,3.212,2077.145
2000 February,0,70.021,1987.478,2057.499,9.412,2066.911,1.444,2068.355,2.883,2071.239
2000 March,0,61.224,2124.938,2186.163,11.537,2197.699,1.419,2199.119,3.034,2202.152
2000 April,0,53.13,2086.424,2139.554,9.988,2149.542,1.364,2150.906,2.846,2153.752
2000 May,0,48.458,2181.243,2229.702,11.441,2241.142,1.505,2242.647,3.464,2246.111
2000 June,0,44.797,2161.512,2206.308,8.683,2214.991,1.567,2216.558,3.377,2219.936
2000 July,0,45.136,2239.492,2284.628,10.646,2295.274,1.633,2296.907,3.536,2300.443
2000 August,0,49.036,2264.271,2313.307,11.746,2325.053,1.713,2326.766,3.7,2330.465
2000 September,0,43.61,2108.741,2152.351,10.807,2163.158,1.693,2164.851,3.196,2168.047
2000 October,0,46.358,2218.187,2264.546,12.955,2277.501,1.553,2279.054,3.047,2282.1
2000 November,0,56.958,2090.791,2147.749,12.842,2160.591,1.492,2162.083,3.016,2165.1
2000 December,0,77.85,2199.96,2277.809,13.483,2291.292,1.493,2292.785,3.055,2295.84
2001 January,0,79.872,2044.706,2124.577,14.294,2138.872,1.63,2140.502,3.224,2143.727
2001 February,0,68.825,1899.053,1967.878,11.528,1979.406,1.509,1980.915,2.859,1983.773
2001 March,0,66.742,2145.559,2212.301,12.336,2224.636,1.537,2226.174,3.202,2229.376
2001 April,0,53.437,2098.346,2151.782,10.24,2162.022,1.488,2163.511,3.011,2166.521
2001 May,0,44.734,2202.492,2247.226,10.806,2258.031,1.586,2259.618,3.442,2263.06
2001 June,0,42.432,2129.217,2171.649,8.053,2179.701,1.669,2181.371,3.601,2184.971
2001 July,0,47.079,2258.569,2305.648,14.218,2319.866,1.684,2321.551,3.696,2325.247
2001 August,0,49.231,2225.839,2275.069,9.739,2284.809,1.824,2286.633,3.915,2290.548
2001 September,0,43.93,2056.178,2100.108,11.258,2111.366,1.837,2113.203,3.529,2116.733
2001 October,0,48.57,2179.567,2228.137,15.121,2243.258,1.66,2244.917,3.425,2248.343
2001 November,0,50.24,2062.67,2112.911,12.243,2125.154,1.568,2126.722,3.246,2129.968
2001 December,0,62.955,2076.973,2139.928,12.296,2152.224,1.538,2153.762,3.322,2157.083
2002 January,0,75.98,2070.045,2146.025,12.825,2158.851,1.499,2160.35,3.008,2163.358
2002 February,0,68.442,1908.529,1976.97,12.176,1989.146,1.449,1990.595,2.768,1993.363
2002 March,0,68.818,2163.262,2232.08,10.686,2242.766,1.451,2244.217,3.009,2247.226
2002 April,0,57.062,2141.359,2198.421,12.496,2210.917,1.457,2212.374,2.967,2215.341
2002 May,0,48.602,2230.575,2279.177,13.328,2292.504,1.529,2294.033,3.189,2297.222
2002 June,0,48,2190.72,2238.72,12.135,2250.855,1.607,2252.462,3.424,2255.886
2002 July,0,52.919,2253.91,2306.829,14.131,2320.96,1.691,2322.651,3.599,2326.25
2002 August,0,52.178,2272.141,2324.318,13.956,2338.274,1.73,2340.003,3.593,2343.597
2002 September,0,46.622,2100.071,2146.693,13.987,2160.68,1.696,2162.376,3.329,2165.705
2002 October,0,49.748,2192.303,2242.051,16.792,2258.843,1.667,2260.511,3.313,2263.824
2002 November,0,58.038,2144.249,2202.288,19.127,2221.414,1.5,2222.914,3.136,2226.051
2002 December,0,72.507,2211.503,2284.01,18.038,2302.047,1.549,2303.597,3.267,2306.863
2003 January,0,76.525,2058.553,2135.078,16.514,2151.592,2.062,2153.653,4.27,2157.923
2003 February,0,70.86,1924.455,1995.315,19.533,2014.849,1.865,2016.714,3.535,2020.249
2003 March,0,61.991,2155.6,2217.592,16.514,2234.106,1.959,2236.065,3.894,2239.958
2003 April,0,48.991,2122.963,2171.954,18.613,2190.567,1.772,2192.339,3.512,2195.852
2003 May,0,42.404,2201.803,2244.208,18.614,2262.822,1.862,2264.684,3.846,2268.53
2003 June,0,38.231,2163.55,2201.781,17.749,2219.53,1.866,2221.396,3.85,2225.247
2003 July,0,44.925,2250.586,2295.511,18.145,2313.656,1.944,2315.6,4.013,2319.613
2003 August,0,46.34,2317.597,2363.936,19.931,2383.868,2.016,2385.884,4.157,2390.04
2003 September,0,39.975,2135.68,2175.655,17.765,2193.42,2,2195.42,3.779,2199.198
2003 October,0,43.521,2249.251,2292.772,20.1,2312.872,1.984,2314.855,3.986,2318.841
2003 November,0,49.355,2148.547,2197.902,22.749,2220.651,1.875,2222.526,3.926,2226.451
2003 December,0,64.328,2221.045,2285.373,23.582,2308.955,2.03,2310.985,4.215,2315.2
2004 January,0,72.171,2133.419,2205.59,23.377,2228.967,2.153,2231.119,4.423,2235.542
2004 February,0,67.747,2077.768,2145.515,22.928,2168.443,2.13,2170.573,4.187,2174.76
2004 March,0,56.476,2247.892,2304.368,22.902,2327.27,1.965,2329.235,3.867,2333.102
2004 April,0,46.815,2209.382,2256.197,23.512,2279.709,1.955,2281.664,3.827,2285.491
2004 May,0,42.162,2272.502,2314.663,24.079,2338.742,1.945,2340.687,4.199,2344.886
2004 June,0,39.719,2246.529,2286.248,25.41,2311.658,1.988,2313.646,4.03,2317.676
2004 July,0,42.465,2332.009,2374.474,23.293,2397.767,2.139,2399.905,4.455,2404.361
2004 August,0,42.286,2329.352,2371.638,23.862,2395.5,2.083,2397.582,4.273,2401.855
2004 September,0,39.756,2203.474,2243.229,24.009,2267.238,2.095,2269.333,4.139,2273.472
2004 October,0,41.737,2314.959,2356.695,25.233,2381.929,2.044,2383.972,4.144,2388.116
2004 November,0,47.885,2218.023,2265.907,24.682,2290.589,1.945,2292.534,4.001,2296.535
2004 December,0,62.738,2270.667,2333.405,26.43,2359.835,2.207,2362.041,4.633,2366.675
2005 January,0,72.816,2188.174,2260.99,27.156,2288.146,2.345,2290.491,4.783,2295.274
2005 February,0,63.69,2040.301,2103.991,23.867,2127.858,2.236,2130.094,4.255,2134.348
2005 March,0,62.517,2284.047,2346.564,25.965,2372.529,2.107,2374.636,4.181,2378.817
2005 April,0,48.773,2235.11,2283.883,24.536,2308.419,2.013,2310.432,3.885,2314.317
2005 May,0,42.978,2347.938,2390.915,26.787,2417.702,1.919,2419.621,4.011,2423.631
2005 June,0,43.302,2270.42,2313.721,28.828,2342.549,2.115,2344.664,4.362,2349.026
2005 July,0,47.728,2369.267,2416.995,28.792,2445.787,2.099,2447.885,4.367,2452.252
2005 August,0,47.971,2392.961,2440.932,30.835,2471.767,2.275,2474.042,4.673,2478.715
2005 September,0,40.396,2213.301,2253.696,27.996,2281.693,2.166,2283.859,4.144,2288.003
2005 October,0,40.489,2308.488,2348.977,30.459,2379.436,2.081,2381.517,4.014,2385.532
2005 November,0,47.132,2240.573,2287.705,30.936,2318.641,2.004,2320.645,4.098,2324.743
2005 December,0,66.112,2325.95,2392.062,32.86,2424.922,2.252,2427.174,4.749,2431.923
2006 January,0,62.554,2251.347,2313.901,30.519,2344.42,2.215,2346.635,4.222,2350.857
2006 February,0,62,2047.059,2109.059,27.904,2136.963,2.098,2139.061,4.04,2143.102
2006 March,0,61.365,2317.342,2378.706,32.142,2410.848,2.169,2413.017,4.191,2417.208
2006 April,0,48.415,2260.596,2309.01,33.221,2342.231,2.002,2344.233,3.842,2348.075
2006 May,0,43.877,2346.567,2390.444,40.164,2430.608,1.97,2432.578,4.008,2436.586
2006 June,0,44.555,2308.747,2353.303,44.996,2398.299,2.079,2400.378,4.182,2404.56
2006 July,0,50.651,2409.663,2460.314,41.291,2501.604,2.14,2503.745,4.418,2508.163
2006 August,0,50.427,2422.352,2472.779,43.869,2516.648,2.149,2518.797,4.318,2523.115
2006 September,0,41.938,2246.124,2288.062,43.154,2331.216,2.099,2333.315,3.886,2337.202
2006 October,0,47.226,2348.712,2395.938,45.685,2441.623,2.055,2443.678,4.077,2447.756
2006 November,0,50.785,2222.087,2272.872,44.748,2317.62,1.987,2319.607,4.005,2323.612
2006 December,0,61.183,2337.195,2398.378,47.302,2445.68,2.141,2447.821,4.386,2452.207
2007 January,0,71.41,2229.563,2300.973,47.935,2348.909,2.612,2351.521,5.325,2356.846
2007 February,0,74.113,2052.51,2126.622,42.605,2169.227,2.453,2171.68,4.697,2176.377
2007 March,0,61.229,2286.975,2348.204,46.76,2394.965,2.535,2397.5,4.9,2402.4
2007 April,0,51.988,2262.427,2314.415,43.109,2357.524,2.204,2359.728,4.272,2364
2007 May,0,44.609,2379.496,2424.106,47.151,2471.257,2.086,2473.343,4.204,2477.547
2007 June,0,44.506,2325.386,2369.892,49.821,2419.713,2.269,2421.982,4.62,2426.602
2007 July,0,47.576,2415.206,2462.782,50.441,2513.223,2.303,2515.526,4.695,2520.221
2007 August,0,54.44,2422.549,2476.989,53.27,2530.258,2.298,2532.556,4.79,2537.346
2007 September,0,45.509,2248.867,2294.376,51.105,2345.481,2.342,2347.824,4.394,2352.218
2007 October,0,46.554,2328.448,2375.002,57.555,2432.557,2.223,2434.781,4.317,2439.097
2007 November,0,52.548,2241.404,2293.952,52.93,2346.882,2.297,2349.179,4.574,2353.753
2007 December,0,68.98,2269.207,2338.187,59.24,2397.426,2.263,2399.689,4.733,2404.422
2008 January,0,81.661,2139.423,2221.084,57.217,2278.301,2.368,2280.669,4.711,2285.38
2008 February,0,74.722,1987.736,2062.458,58.092,2120.55,2.252,2122.802,4.238,2127.041
2008 March,0,67.834,2203.086,2270.919,58.585,2329.504,2.15,2331.655,4.179,2335.834
2008 April,0,54.177,2183.597,2237.774,64.365,2302.139,2.097,2304.236,4.022,2308.258
2008 May,0,46.711,2273.959,2320.67,66.951,2387.622,2.026,2389.648,4.057,2393.705
2008 June,0,47.535,2168.974,2216.51,66.266,2282.776,2.115,2284.891,4.289,2289.181
2008 July,0,50.624,2244.333,2294.957,73.086,2368.043,2.213,2370.256,4.465,2374.721
2008 August,0,49.873,2232.065,2281.938,75.264,2357.202,2.214,2359.416,4.432,2363.848
2008 September,0,43.513,2013.932,2057.445,74.783,2132.227,2.146,2134.373,4.025,2138.398
2008 October,0,48.528,2200.283,2248.811,77.913,2326.724,2.175,2328.899,4.242,2333.141
2008 November,0,55.491,2057.04,2112.531,73.899,2186.429,2.083,2188.513,4.221,2192.733
2008 December,0,71.466,2118.352,2189.817,78.155,2267.972,2.273,2270.245,4.616,2274.861
2009 January,0,85.545,2046.208,2131.753,67.39,2199.143,2.624,2201.767,5.151,2206.918
2009 February,0,72.991,1852.188,1925.179,58.157,1983.336,2.288,1985.624,4.139,1989.764
2009 March,0,67.782,2111.151,2178.933,69.809,2248.743,2.311,2251.053,4.362,2255.416
2009 April,0,54.248,2081.741,2135.989,73.365,2209.353,2.092,2211.446,3.86,2215.305
2009 May,0,46.711,2105.606,2152.317,79.757,2232.074,2.051,2234.125,4.034,2238.159
2009 June,0,47.474,2108.576,2156.05,78.083,2234.133,2.09,2236.224,4.185,2240.409
2009 July,0,51.631,2150.64,2202.271,83.259,2285.53,2.273,2287.803,4.411,2292.214
2009 August,0,54.09,2173.451,2227.541,84.802,2312.343,2.206,2314.549,4.329,2318.878
2009 September,0,49.058,2014.775,2063.834,80.144,2143.978,2.171,2146.149,3.938,2150.087
2009 October,0,51.878,2113.372,2165.25,87.65,2252.9,2.047,2254.946,3.753,2258.7
2009 November,0,55.373,2005.876,2061.249,85.131,2146.38,2.013,2148.392,3.873,2152.265
2009 December,0,78.091,2096.506,2174.597,87.423,2262.021,2.339,2264.359,4.687,2269.046
2010 January,0,84.279,1988.525,2072.804,80.85,2153.654,2.421,2156.075,4.614,2160.689
2010 February,0,74.33,1816.138,1890.469,78.93,1969.399,2.326,1971.725,4.301,1976.027
2010 March,0,64.021,2102.223,2166.244,85.353,2251.597,2.221,2253.818,4.039,2257.857
2010 April,0,50.411,2101.206,2151.617,87.411,2239.028,2.03,2241.058,3.682,2244.74
2010 May,0,48.153,2163.867,2212.02,91.769,2303.789,2.048,2305.837,4.172,2310.009
2010 June,0,49.19,2133.742,2182.933,92.745,2275.677,2.226,2277.904,4.403,2282.307
2010 July,0,54.484,2205.879,2260.364,94.376,2354.739,2.256,2356.996,4.421,2361.417
2010 August,0,56.052,2204.673,2260.726,93.725,2354.451,2.124,2356.575,4.134,2360.709
2010 September,0,48.695,2113.094,2161.789,89.877,2251.666,2.16,2253.826,3.911,2257.737
2010 October,0,49.435,2140.818,2190.253,94.324,2284.577,2.082,2286.659,3.793,2290.452
2010 November,0,58.796,2035.558,2094.353,90.765,2185.119,2.051,2187.17,3.962,2191.132
2010 December,0,81.107,2094.683,2175.79,94.419,2270.208,2.369,2272.577,4.757,2277.334
2011 January,0,87.045,1999.009,2086.054,86.375,2172.429,2.424,2174.853,4.494,2179.346
2011 February,0,73.854,1840.062,1913.916,84.45,1998.366,2.173,2000.539,3.789,2004.328
2011 March,0,66.93,2096.076,2163.006,93.53,2256.536,2.264,2258.801,4.092,2262.893
2011 April,0,54.618,2044.243,2098.861,90.698,2189.56,2.145,2191.705,3.822,2195.527
2011 May,0,49.822,2115.739,2165.561,99.135,2264.697,2.111,2266.807,3.951,2270.758
2011 June,0,49.568,2117.999,2167.567,103.098,2270.664,2.193,2272.858,4.148,2277.006
2011 July,0,56.665,2132.766,2189.431,96.808,2286.239,2.219,2288.458,4.369,2292.827
2011 August,0,56.662,2151.966,2208.628,107.972,2316.6,2.133,2318.733,4.012,2322.746
2011 September,0,49.455,2039.073,2088.528,96.896,2185.424,2.162,2187.586,3.756,2191.343
2011 October,0,52.027,2070.239,2122.266,100.904,2223.17,2.103,2225.274,3.81,2229.084
2011 November,0,60.716,1981.031,2041.747,99.942,2141.689,2.012,2143.701,3.772,2147.474
2011 December,0,76.186,2035.253,2111.438,106.337,2217.776,2.237,2220.012,4.255,2224.268
2012 January,0,84.429,1927.43,2011.859,87.953,2099.812,2.218,2102.03,4.006,2106.036
2012 February,0,76.639,1868.648,1945.287,89.758,2035.045,2.147,2037.192,3.788,2040.979
2012 March,0,64.99,2011.625,2076.615,99.744,2176.359,2.036,2178.395,3.51,2181.905
2012 April,0,59.613,1990.541,2050.154,98.625,2148.779,2.013,2150.792,3.44,2154.232
2012 May,0,57.106,2091.975,2149.081,105.005,2254.086,2.03,2256.116,3.77,2259.885
2012 June,0,56.992,2060.73,2117.722,102.953,2220.675,2.038,2222.713,3.77,2226.483
2012 July,0,63.116,2105.263,2168.378,99.022,2267.401,2.147,2269.547,4.117,2273.664
2012 August,0,61.242,2151.028,2212.27,106.48,2318.75,2.159,2320.909,3.961,2324.87
2012 September,0,55.002,1970.206,2025.207,92.882,2118.09,2.093,2120.183,3.67,2123.853
2012 October,0,57.871,2049.22,2107.09,100.706,2207.796,2.045,2209.841,3.631,2213.472
2012 November,0,66.178,1941.85,2008.028,92.673,2100.701,1.94,2102.641,3.58,2106.221
2012 December,0,76.602,1939.509,2016.111,93.203,2109.314,2.111,2111.425,3.995,2115.419
2013 January,0,98.246,1938.885,2037.131,92.322,2129.454,2.265,2131.719,4.041,2135.76
2013 February,0,87.58,1762.203,1849.783,87.658,1937.44,2.248,1939.688,3.848,1943.537
2013 March,0,85.83,2029.201,2115.031,102.173,2217.204,2.196,2219.4,3.921,2223.321
2013 April,0,66.613,1999.28,2065.892,102.975,2168.868,2.148,2171.016,3.63,2174.646
2013 May,0,59.109,2104.256,2163.365,107.594,2270.959,2.14,2273.099,3.833,2276.932
2013 June,0,58.839,2054.555,2113.394,111.811,2225.205,2.178,2227.383,4.017,2231.4
2013 July,0,65.065,2165.965,2231.03,110.553,2341.583,2.213,2343.797,4.087,2347.883
2013 August,0,65.11,2169.722,2234.832,111.394,2346.226,2.2,2348.426,4.061,2352.487
2013 September,0,59.611,2027.875,2087.486,113.291,2200.778,2.136,2202.913,3.721,2206.634
2013 October,0,63.005,2104.186,2167.19,120.646,2287.836,2.016,2289.852,3.533,2293.385
2013 November,0,78.644,2014.759,2093.403,112.73,2206.132,1.959,2208.092,3.649,2211.741
2013 December,0,99.622,1990.108,2089.73,119.342,2209.072,2.317,2211.389,4.366,2215.754
2014 January,0,92.005,1945.993,2037.998,100.135,2138.132,2.43,2140.562,4.509,2145.071
2014 February,0,78.62,1808.318,1886.938,94.561,1981.498,2.388,1983.886,4.14,1988.026
2014 March,0,73.261,2027.088,2100.348,105.564,2205.912,2.212,2208.125,3.917,2212.042
2014 April,0,55.999,2053.154,2109.153,106.344,2215.497,2.183,2217.68,3.614,2221.294
2014 May,0,51.633,2110.898,2162.531,112.737,2275.268,2.203,2277.47,3.965,2281.435
2014 June,0,49.762,2080.276,2130.038,110.183,2240.222,2.079,2242.301,3.8,2246.101
2014 July,0,53.577,2193.682,2247.259,114.717,2361.976,2.2,2364.176,4.047,2368.223
2014 August,0,55.057,2187.057,2242.114,117.011,2359.126,2.19,2361.316,4.056,2365.372
2014 September,0,51.512,2032.204,2083.716,109.551,2193.266,2.142,2195.408,3.641,2199.05
2014 October,0,54.437,2158.785,2213.223,116.799,2330.022,2.132,2332.154,3.639,2335.793
2014 November,0,67.308,2029.683,2096.991,110.478,2207.469,2.174,2209.643,3.978,2213.621
2014 December,0,76.531,2100.58,2177.111,116.227,2293.338,2.137,2295.475,3.817,2299.292
2015 January,0,85.267,1997.391,2082.658,96.85,2179.508,2.296,2181.803,4.054,2185.857
2015 February,0,80.061,1828.478,1908.539,97.347,2005.886,2.387,2008.272,4.153,2012.425
2015 March,0,70.871,2110.828,2181.699,109.353,2291.052,2.318,2293.37,3.799,2297.17
2015 April,0,54.826,2065.953,2120.779,107.542,2228.321,2.114,2230.435,3.429,2233.864
2015 May,0,50.763,2139.306,2190.069,118.27,2308.339,2.077,2310.416,3.754,2314.171
2015 June,0,51.923,2128.118,2180.041,119.11,2299.151,2.079,2301.23,3.822,2305.052
2015 July,0,56.508,2237.439,2293.947,120.479,2414.427,2.212,2416.638,4.063,2420.702
2015 August,0,56.093,2216.192,2272.285,121.801,2394.086,2.131,2396.217,3.807,2400.024
2015 September,0,51.925,2099.681,2151.605,117.861,2269.467,2.099,2271.566,3.545,2275.111
2015 October,0,54.302,2148.772,2203.075,116.311,2319.385,2.17,2321.555,3.572,2325.128
2015 November,0,61.505,2012.902,2074.406,111.549,2185.955,2.06,2188.016,3.508,2191.524
2015 December,0,70.797,2100.589,2171.386,114.59,2285.976,2.113,2288.089,3.554,2291.643
2016 January,0,85.224,1993.026,2078.25,103.351,2181.601,2.252,2183.853,3.908,2187.761
2016 February,0,73.066,1941.104,2014.17,108.347,2122.518,2.205,2124.722,3.482,2128.205
2016 March,0,64.954,2164.288,2229.242,118.448,2347.69,2.079,2349.769,3.219,2352.988
2016 April,0,57.449,2093.221,2150.671,111.083,2261.754,2.03,2263.784,3.251,2267.035
2016 May,0,54.24,2174.578,2228.818,125.591,2354.409,1.983,2356.392,3.392,2359.784
2016 June,0,55.231,2182.228,2237.459,124.757,2362.216,2.154,2364.37,3.87,2368.24
2016 July,0,60.329,2240.85,2301.179,130.846,2432.025,2.212,2434.237,4.017,2438.254
2016 August,0,60.957,2263.211,2324.168,134.14,2458.308,2.154,2460.462,3.766,2464.228
2016 September,0,53.796,2120.573,2174.369,127.126,2301.496,2.174,2303.669,3.556,2307.225
2016 October,0,53.193,2143.871,2197.065,126.353,2323.418,2.09,2325.508,3.41,2328.918
2016 November,0,59.613,2068.144,2127.757,127.708,2255.466,2.019,2257.484,3.339,2260.823
2016 December,0,79.13,2130.196,2209.326,130.868,2340.194,2.228,2342.422,3.946,2346.368
2017 January,0,85.87,2027.426,2113.297,109.497,2222.793,2.276,2225.07,3.838,2228.907
2017 February,0,68.975,1871.047,1940.021,102.934,2042.955,2.167,2045.122,3.379,2048.501
2017 March,0,74.299,2180.749,2255.048,120.047,2375.094,2.201,2377.295,3.533,2380.828
2017 April,0,56.968,2085.687,2142.655,119.872,2262.527,2.01,2264.537,3.079,2267.616
2017 May,0,55.809,2232.345,2288.154,131.775,2419.929,1.989,2421.918,3.236,2425.154
2017 June,0,56.301,2209.988,2266.288,130.708,2396.996,2.142,2399.138,3.537,2402.675
2017 July,0,63.041,2238.148,2301.189,127.71,2428.899,2.149,2431.048,3.738,2434.786
2017 August,0,61.643,2292.296,2353.939,134.035,2487.974,2.184,2490.158,3.658,2493.816
2017 September,0,56.49,2119.329,2175.819,123.066,2298.886,2.109,2300.995,3.38,2304.375
2017 October,0,59.68,2214.741,2274.421,126.769,2401.19,2.136,2403.326,3.44,2406.766
2017 November,0,69.088,2091.714,2160.802,122.961,2283.763,2.039,2285.802,3.407,2289.209
2017 December,0,90.399,2143.689,2234.089,124.282,2358.371,2.265,2360.636,3.995,2364.631
2018 January,0,107.01,2042.172,2149.182,114.617,2263.799,2.543,2266.342,4.234,2270.576
2018 February,0,86.757,1869.746,1956.502,102.213,2058.716,2.164,2060.88,3.273,2064.153
2018 March,0,89.461,2208.659,2298.121,119.339,2417.46,2.114,2419.574,3.308,2422.882
2018 April,0,75.195,2132.678,2207.873,114.154,2322.027,2.045,2324.072,3.095,2327.167
2018 May,0,65.694,2250.1,2315.794,133.018,2448.812,2.002,2450.814,3.334,2454.148
2018 June,0,65.933,2246.242,2312.175,123.427,2435.602,2.125,2437.727,3.505,2441.232
2018 July,0,75.04,2302.991,2378.031,126.06,2504.091,2.165,2506.256,3.715,2509.971
2018 August,0,73.767,2343.298,2417.065,132.263,2549.328,2.321,2551.649,3.811,2555.46
2018 September,0,68.654,2135.321,2203.975,118.167,2322.143,2.185,2324.327,3.473,2327.801
2018 October,0,72.735,2211.178,2283.913,127.155,2411.068,2.152,2413.22,3.311,2416.531
2018 November,0,86.423,2131.022,2217.445,121.909,2339.354,2.101,2341.455,3.553,2345.007
2018 December,0,95.502,2143.893,2239.396,123.4,2362.795,2.235,2365.031,3.714,2368.744
2019 January,0,123.027,2078.694,2201.721,111.889,2313.61,2.285,2315.894,3.752,2319.647
2019 February,0,108.422,1913.636,2022.058,113.326,2135.384,2.291,2137.676,3.539,2141.215
2019 March,0,105.029,2158.609,2263.639,123.088,2386.727,2.341,2389.068,3.605,2392.673
2019 April,0,79.182,2148.857,2228.04,121.526,2349.565,2.082,2351.648,3.048,2354.696
2019 May,0,76.284,2240.084,2316.367,134.388,2450.756,2.076,2452.831,3.277,2456.108
2019 June,0,75.766,2230.571,2306.337,127.954,2434.291,2.076,2436.367,3.311,2439.678
2019 July,0,85.628,2294.871,2380.499,131.399,2511.898,2.192,2514.089,3.563,2517.652
2019 August,0,86.939,2339.451,2426.389,128.624,2555.013,2.228,2557.241,3.573,2560.815
2019 September,0,78.725,2131.53,2210.254,120.376,2330.631,2.308,2332.939,3.527,2336.466
2019 October,0,82.265,2238.631,2320.897,129.283,2450.18,1.853,2452.032,2.654,2454.687
2019 November,0,99.448,2092.383,2191.831,125,2316.831,2.096,2318.927,3.374,2322.301
2019 December,0,113.396,2124.383,2237.78,129.748,2367.528,2.212,2369.74,3.477,2373.216
2020 January,0,120.788,2029.485,2150.274,119.732,2270.006,2.286,2272.291,3.477,2275.769
2020 February,0,111.241,1936.193,2047.433,114.701,2162.135,2.112,2164.247,3.111,2167.358
2020 March,0,98.73,1854.087,1952.818,103.292,2056.11,2.042,2058.152,2.929,2061.08
2020 April,0,81.792,1401.235,1483.027,81.201,1564.228,1.517,1565.745,2.101,1567.846
2020 May,0,75.283,1610.413,1685.697,104.737,1790.434,1.549,1791.983,2.316,1794.299
2020 June,0,77.297,1782.666,1859.964,121.375,1981.338,1.639,1982.977,2.512,1985.489
2020 July,0,89.55,1943.917,2033.467,120.843,2154.31,1.897,2156.207,2.991,2159.198
2020 August,0,87.19,1962.526,2049.715,118.61,2168.326,1.782,2170.108,2.833,2172.941
2020 September,0,78.073,1872.757,1950.829,119.266,2070.096,1.822,2071.918,2.643,2074.561
2020 October,0,84.144,1923.819,2007.963,111.423,2119.386,1.785,2121.171,2.599,2123.77
2020 November,0,88.663,1793.059,1881.722,116.75,1998.472,1.791,2000.263,2.673,2002.936
2020 December,0,115.908,1820.045,1935.954,123.516,2059.47,2.121,2061.591,3.278,2064.868
2021 January,0,134.69,1803.792,1938.482,101.911,2040.393,1.934,2042.327,2.959,2045.287
2021 February,0,125.475,1638.316,1763.791,100.85,1864.641,1.868,1866.509,2.935,1869.445
2021 March,0,106.249,1962.066,2068.315,125.378,2193.693,1.85,2195.543,2.538,2198.081
2021 April,0,91.207,1967.768,2058.975,120.216,2179.191,1.725,2180.916,2.421,2183.336
2021 May,0,84.825,2086.446,2171.271,133.593,2304.864,1.66,2306.524,2.497,2309.021
2021 June,0,90.026,2113.986,2204.012,128.455,2332.467,1.732,2334.198,2.769,2336.968
2021 July,0,97.083,2180.633,2277.716,130.6,2408.316,1.862,2410.178,2.995,2413.172
2021 August,0,97.826,2197.152,2294.979,131.606,2426.585,1.911,2428.496,3.039,2431.535
2021 September,0,85.668,2056.36,2142.028,120.426,2262.454,1.798,2264.252,2.576,2266.828
2021 October,0,90.456,2123.895,2214.351,138.566,2352.917,1.818,2354.735,2.616,2357.35
2021 November,0,107.819,2066.792,2174.612,131.962,2306.574,1.677,2308.251,2.511,2310.762
2021 December,0,120.9,2090.035,2210.935,132.41,2343.345,1.777,2345.122,2.634,2347.756
2022 January,0,148.054,1913.401,2061.455,118.185,2179.64,1.926,2181.567,3.054,2184.621
2022 February,0,126.026,1837.385,1963.41,111.545,2074.955,1.929,2076.884,2.779,2079.662
2022 March,0,114.323,2127.581,2241.904,133.202,2375.106,1.975,2377.081,2.676,2379.757
2022 April,0,96.913,2028.134,2125.046,127.537,2252.584,1.75,2254.334,2.319,2256.652
2022 May,0,91.911,2162.928,2254.838,134.509,2389.347,1.805,2391.153,2.674,2393.826
2022 June,0,95.043,2124.866,2219.909,139.654,2359.562,1.75,2361.313,2.666,2363.978
2022 July,0,105.956,2125.689,2231.645,132.093,2363.739,1.93,2365.669,3.033,2368.702
2022 August,0,104.95,2216.362,2321.312,141.489,2462.801,1.825,2464.627,2.763,2467.389
2022 September,0,93.657,2089.811,2183.468,128.512,2311.98,1.902,2313.882,2.681,2316.563
2022 October,0,96.764,2118.44,2215.204,142.15,2357.353,1.843,2359.196,2.634,2361.83
2022 November,0,113.488,2045.888,2159.376,135.096,2294.472,1.869,2296.341,2.823,2299.164
2022 December,0,138.788,2017.734,2156.521,134.769,2291.291,2.021,2293.312,3.177,2296.489
2023 January,0,133.564,1947.593,2081.157,137.625,2218.782,1.937,2220.72,2.793,2223.512
2023 February,0,119.181,1841.2,1960.381,124.683,2085.064,1.873,2086.937,2.536,2089.473
2023 March,0,121.967,2104.654,2226.621,148.61,2375.231,1.928,2377.159,2.67,2379.829
2023 April,0,98.843,2043.655,2142.498,138.825,2281.323,1.733,2283.056,2.309,2285.366
2023 May,0,94.893,2158.182,2253.075,161.791,2414.866,1.766,2416.632,2.536,2419.168
2023 June,0,96.361,2142.377,2238.738,158.69,2397.428,1.935,2399.364,2.924,2402.287
2023 July,0,108.541,2174.798,2283.339,148.564,2431.903,2.117,2434.02,3.366,2437.387